case,satellite_gain_dbi,user_gain_dbi,user_index,satellite_index,legacy_formula_rate_bps,standard_friis_rate_bps,legacy_formula_snr_db,standard_friis_snr_db
sat60_user50,60.0,50.0,0,0,1925667.5123988173,13820970.71661857,9.164514132348744,69.34211207626731
sat60_user50,60.0,50.0,0,1,4308898.5722125,16300685.336248027,21.588440063366903,81.78325390604002
sat60_user50,60.0,50.0,1,0,3734984.6110423813,15719132.89320937,18.680587986482415,78.86550838834526
sat60_user50,60.0,50.0,1,1,3363690.581723786,15339333.825060925,16.786109199023848,76.95999315998576
sat60_user50,60.0,50.0,2,0,3054137.8537195222,15024348.331700534,15.193720794858177,75.37965842659264
sat60_user50,60.0,50.0,2,1,1133749.037787203,12858628.57496114,4.322118761566412,64.5138802000706
sat60_user50,60.0,50.0,3,0,3271950.4147428074,15246049.9988084,16.315644452379914,76.49197265316259
sat60_user50,60.0,50.0,3,1,4358416.957053484,16353030.016215833,21.838556739365554,82.04587588745925
sat60_user50,60.0,50.0,4,0,4029033.3405709243,16015328.04799417,20.17279532673015,80.35156884069639
sat60_user50,60.0,50.0,4,1,3099837.3802871257,15069716.665731333,15.429752050170984,75.60727892296114
sat60_user50,60.0,50.0,5,0,2431466.9813297126,14372552.923841652,11.929111398068992,72.10949213854073
sat60_user50,60.0,50.0,5,1,2868437.9342964124,14838401.656671954,14.230491221398884,74.44673295014438
sat60_user50,60.0,50.0,6,0,3220342.892671632,15198260.173574654,16.050484582746954,76.25220313291871
sat60_user50,60.0,50.0,6,1,1400588.7291489798,13203017.81580446,6.067158782764999,66.24173889888277
sat60_user50,60.0,50.0,7,0,1975204.8501854257,13877641.423837315,9.442233021811493,69.6264384874296
sat60_user50,60.0,50.0,7,1,3841282.0151261254,15827695.111496655,19.22069477726333,79.41018312999734
sat60_user50,60.0,50.0,8,0,2956533.278057588,14920963.662192415,14.688316702357376,74.86096030039947
sat60_user50,60.0,50.0,8,1,2564181.796372443,14513317.877887476,12.634375634171404,72.81573340374402
sat60_user50,60.0,50.0,9,0,4340885.587959498,16330090.86872519,21.75001703365345,81.93078636223704
sat60_user50,60.0,50.0,9,1,3912474.0938376347,15897082.90138716,19.58197819396278,79.7583132353273
sat60_user50,60.0,50.0,10,0,3960811.4893285385,15949421.046222929,19.827091199167718,80.02090242990404
sat60_user50,60.0,50.0,10,1,3468785.6704091816,15446898.220129937,17.32378348997952,77.49966165989218
sat60_user50,60.0,50.0,11,0,4624861.098353606,16614782.588855905,23.1828798409113,83.35913215798263
sat60_user50,60.0,50.0,11,1,2684035.9312365437,14639199.639012845,13.266212804149369,73.44730320124276
sat60_user50,60.0,50.0,12,0,2763728.758442141,14721266.577178968,13.684013811453635,73.85904671967567
sat60_user50,60.0,50.0,12,1,1938188.8335316372,13836150.517948225,9.234889082330396,69.41827167719246
sat60_user50,60.0,50.0,13,0,4016208.335142066,16001183.50738845,20.10782713665478,80.2806033234164
sat60_user50,60.0,50.0,13,1,4233381.804990454,16222970.683663383,21.206812745664706,81.39334654449128
sat60_user50,60.0,50.0,14,0,3975367.951675919,15965146.027011259,19.90087696140192,80.09979727899092
sat60_user50,60.0,50.0,14,1,4345067.027589211,16334014.575002145,21.771135883702826,81.95047225042194
sat60_user50,60.0,50.0,15,0,3138980.9024967016,15112818.711458212,15.631638117843739,75.82352907273277
sat60_user50,60.0,50.0,15,1,2514824.545844311,14459931.662724208,12.372826290359695,72.5478858539785
sat60_user50,60.0,50.0,16,0,4438176.029922081,16427563.074012019,22.24122396312234,82.41982065744969
sat60_user50,60.0,50.0,16,1,1174231.0122183517,12917558.896957107,4.5979598002565485,64.8095435440764
sat60_user50,60.0,50.0,17,0,3812236.8933645375,15800806.976405885,19.07319695516928,79.27528087526471
sat60_user50,60.0,50.0,17,1,4491592.787649559,16482576.472736148,22.51077571117785,82.69583204530463
sat60_user50,60.0,50.0,18,0,1735583.1330138554,13607015.373911966,8.079592420014556,68.26866233645357
sat60_user50,60.0,50.0,18,1,3278638.0343649243,15254750.348979164,16.34997799278123,76.53562376037306
sat60_user50,60.0,50.0,19,0,3244936.5261926875,15220080.79548766,16.176894382517677,76.36168083081205
sat60_user50,60.0,50.0,19,1,4003504.944836342,15988139.233150365,20.04346576069556,80.21515802584274
sat60_user50,60.0,50.0,20,0,2587966.252172516,14536889.202930884,12.760118907039828,72.93399467443811
sat60_user50,60.0,50.0,20,1,3276080.0883069457,15253212.153901715,16.336846493564913,76.52790637924329
sat60_user50,60.0,50.0,21,0,1205397.009394316,12952593.714643106,4.8072787534939545,64.98531911792887
sat60_user50,60.0,50.0,21,1,4269921.894226605,16264752.042482892,21.39149985282595,81.60297058371395
sat60_user50,60.0,50.0,22,0,570724.9030932831,11933569.560228348,-0.29889788240170084,59.87270207739818
sat60_user50,60.0,50.0,22,1,2041704.3292534254,13951855.128994752,9.81223491850616,69.99878104868003
sat60_user50,60.0,50.0,23,0,4032684.05203792,16017815.30296436,20.191287197906767,80.36404781335949
sat60_user50,60.0,50.0,23,1,3821110.751844672,15805579.838362992,19.11826685812463,79.29922711911776
sat60_user50,60.0,50.0,24,0,4348623.058449457,16339492.938828155,21.789095499595874,81.97795811457664
sat60_user50,60.0,50.0,24,1,3512631.0063128173,15491468.80961701,17.54773341123306,77.72327973643566
sat60_user50,60.0,50.0,25,0,4370280.518007827,16363884.716313334,21.898465303494792,82.10033572651854
sat60_user50,60.0,50.0,25,1,4487549.511944851,16478239.516131112,22.490375863031723,82.67407281138723
sat60_user50,60.0,50.0,26,0,3285379.919989303,15264903.064374052,16.38458390775799,76.58656162601916
sat60_user50,60.0,50.0,26,1,2058612.3018476535,13970946.7104268,9.905828052495654,70.09456670275154
sat60_user50,60.0,50.0,27,0,3004392.0909920144,14972397.301971197,14.936361766297956,75.11901144790629
sat60_user50,60.0,50.0,27,1,2364526.1766475346,14302582.949954627,11.570805904256714,71.75844110044842
sat60_user50,60.0,50.0,28,0,3071060.63261243,15041544.064255213,15.281167296253903,75.4659322840074
sat60_user50,60.0,50.0,28,1,3366597.0805388275,15346544.710478509,16.800996709826276,76.99617137414441
sat60_user50,60.0,50.0,29,0,4057016.949296387,16043810.25361318,20.314521194918,80.49446881255933
sat60_user50,60.0,50.0,29,1,2367526.367187969,14307506.544883473,11.586904818584323,71.78314359809289
sat60_user50,60.0,50.0,30,0,1403779.85287182,13208238.91562629,6.087120013131862,66.26793403269983
sat60_user50,60.0,50.0,30,1,3815799.15133108,15799618.012596259,19.091290176895136,79.26931564568658
sat60_user50,60.0,50.0,31,0,3767595.4249278232,15754281.830564838,18.846377064464804,79.04185646491781
sat60_user50,60.0,50.0,31,1,3223603.3375304504,15195804.233529333,16.067248145345797,76.23988127227302
sat60_user50,60.0,50.0,32,0,4853672.010209378,16843770.22698069,24.335707033704615,84.50800129117056
sat60_user50,60.0,50.0,32,1,3091608.7129897135,15062283.83200523,15.387279122646543,75.56998715685903
sat60_user50,60.0,50.0,33,0,4055621.313643729,16041131.664610587,20.307453875714838,80.48102988517529
sat60_user50,60.0,50.0,33,1,2700540.290687103,14659946.653601132,13.352882564571118,73.55139443441902
sat60_user50,60.0,50.0,34,0,2667928.468234916,14622062.974856773,13.181552142883886,73.36132569837338
sat60_user50,60.0,50.0,34,1,4421058.109608784,16417270.03169979,22.1548227621293,82.36817874910844
sat60_user50,60.0,50.0,35,0,4344859.56861384,16337651.135527093,21.77008810390042,81.96871748052243
sat60_user50,60.0,50.0,35,1,3187473.683847254,15159070.235864367,15.88139906335963,76.05558068183467
sat60_user50,60.0,50.0,36,0,1528042.9549959905,13359688.385685055,6.851249902264777,67.02778141924263
sat60_user50,60.0,50.0,36,1,4477104.12263899,16472732.285485903,22.437672449515055,82.64644211761669
sat60_user50,60.0,50.0,37,0,5078105.054511937,17071221.853814464,25.465378486855435,85.649163998717
sat60_user50,60.0,50.0,37,1,1336010.5277460522,13122323.554002475,5.659150746079744,65.83688224339461
sat60_user50,60.0,50.0,38,0,2519882.0689043975,14471417.370783117,12.399665506167663,72.60551156794853
sat60_user50,60.0,50.0,38,1,2352704.709136704,14287992.427099952,11.50733435887102,71.68523801166275
sat60_user50,60.0,50.0,39,0,3225466.7474466893,15200865.451996246,16.07682815738103,76.26527424909398
sat60_user50,60.0,50.0,39,1,3196911.976254201,15170466.077468857,15.929968134872984,76.11275551905639
sat60_user50,60.0,50.0,40,0,4188492.911211749,16179014.12736922,20.979846578590205,81.17280917700595
sat60_user50,60.0,50.0,40,1,3878972.863383169,15863123.839458365,19.41200961335992,79.58793496240389
sat60_user50,60.0,50.0,41,0,2006191.8961356285,13913532.089182178,9.615030188643267,69.80650795387174
sat60_user50,60.0,50.0,41,1,3397115.353624261,15375809.060838087,16.95725340778814,77.14299549805841
sat60_user50,60.0,50.0,42,0,4000274.0137310056,15986090.509452587,20.027094851305097,80.20487923764716
sat60_user50,60.0,50.0,42,1,2756441.615294164,14714754.12138324,13.645880747489873,73.8263726426611
sat60_user50,60.0,50.0,43,0,706655.3339368056,12197344.452054271,1.0114566009079045,61.196105827818386
sat60_user50,60.0,50.0,43,1,1952628.3901260458,13850593.24678564,9.315894829722804,69.49073326206356
sat60_user50,60.0,50.0,44,0,1445564.6265014028,13263121.180688435,6.346858837653057,66.54328756260355
sat60_user50,60.0,50.0,44,1,4162786.074607586,16149293.8243784,20.84982628155064,81.02369746450694
sat60_user50,60.0,50.0,45,0,2076018.4368931234,13986930.948434485,10.001983808106441,70.17476229549543
sat60_user50,60.0,50.0,45,1,3988265.4062960777,15977647.78610104,19.966242708248284,80.16252068767598
sat60_user50,60.0,50.0,46,0,2515122.116709969,14462594.525471685,12.374405687508043,72.56124588074255
sat60_user50,60.0,50.0,46,1,3303367.160106778,15277577.988597741,16.476881739723,76.6501538338062
sat60_user50,60.0,50.0,47,0,3735103.2394915377,15719941.663871877,18.681191229321268,78.8695661255484
sat60_user50,60.0,50.0,47,1,4034988.476575511,16020064.209076764,20.202959366113507,80.37533095008422
sat60_user50,60.0,50.0,48,0,1490131.452132929,13314153.199753437,6.620708182642751,66.79932375901166
sat60_user50,60.0,50.0,48,1,3298058.608427449,15272177.59634687,16.449646527156425,76.62305916562067
sat60_user50,60.0,50.0,49,0,4758859.785805952,16752342.7842125,23.858165432906553,84.04929457778914
sat60_user50,60.0,50.0,49,1,3715090.795168711,15702423.17385062,18.579409082319295,78.78167294147757
sat60_user50,60.0,50.0,50,0,3199655.331236436,15171589.228053087,15.944082786545353,76.1183905527859
sat60_user50,60.0,50.0,50,1,2891420.901326482,14859029.796167513,14.350094457706426,74.55022776619961
sat60_user50,60.0,50.0,51,0,1477706.3445359918,13297870.969453162,6.544676524905535,66.71763307983498
sat60_user50,60.0,50.0,51,1,4358555.083017841,16347862.413818823,21.839254278118254,82.01994916517748
sat60_user50,60.0,50.0,52,0,3943648.469792101,15934357.612095248,19.74007636174351,79.94532667064301
sat60_user50,60.0,50.0,52,1,3994080.880806861,15979344.414929477,19.99571296605864,80.171032957239
sat60_user50,60.0,50.0,53,0,2185794.553945327,14107130.872373853,10.604147121207053,70.77782539261908
sat60_user50,60.0,50.0,53,1,1918771.0569338568,13814415.06629436,9.125700627473467,69.30922128261456
sat60_user50,60.0,50.0,54,0,3420472.8828384085,15400528.95426676,17.076771172582824,77.26701932394644
sat60_user50,60.0,50.0,54,1,4111107.9767129575,16100414.445140017,20.58835119675265,80.77846147384403
sat60_user50,60.0,50.0,55,0,2303060.9295362676,14236191.079716416,11.240107652307554,71.425342003856
sat60_user50,60.0,50.0,55,1,3017660.19057866,14986431.399667896,15.00504937377762,75.18942285620166
sat60_user50,60.0,50.0,56,0,4005325.3413348254,15995466.54483911,20.052689320040955,80.25192036962265
sat60_user50,60.0,50.0,56,1,3181295.4667074666,15154695.509522673,15.849598812996284,76.03363195042778
sat60_user50,60.0,50.0,57,0,4584585.593048254,16575596.419008521,22.979816881130102,83.16252861473386
sat60_user50,60.0,50.0,57,1,4081933.181635885,16069852.789390044,20.44067611355867,80.62512855424112
sat60_user50,60.0,50.0,58,0,4558679.140647595,16553238.726326434,22.84917548831455,83.05035634533284
sat60_user50,60.0,50.0,58,1,4112254.936156368,16098516.07510876,20.594155903883614,80.76893703505968
sat60_user50,60.0,50.0,59,0,4266538.904651518,16258204.624566114,21.37440338815797,81.57012109703433
sat60_user50,60.0,50.0,59,1,945984.694913992,12586280.337979037,2.9726709600911825,63.14746315549602
sat60_user50,60.0,50.0,60,0,2585067.3175103497,14537580.68324085,12.744802764331036,72.9374639465264
sat60_user50,60.0,50.0,60,1,4194729.312318533,16183953.969032932,21.011384431337063,81.19759318577137
sat60_user50,60.0,50.0,61,0,2903271.374119563,14868972.89016817,14.411718491869472,74.60011392700436
sat60_user50,60.0,50.0,61,1,1090319.2211866798,12797157.251065485,4.020829526794226,64.20546821426187
sat60_user50,60.0,50.0,62,0,2926571.588082221,14890322.249278378,14.532794060773917,74.70722722201242
sat60_user50,60.0,50.0,62,1,4092611.305210637,16080591.379222967,20.494731083618394,80.67900584888547
sat60_user50,60.0,50.0,63,0,4351808.552354707,16343408.482222881,21.805183315879795,81.99760304821986
sat60_user50,60.0,50.0,63,1,3935747.0269807647,15922220.782124767,19.700010680439398,79.88443417213222
sat60_user50,60.0,50.0,64,0,3087886.4439711254,15057124.369645847,15.36806250220584,75.54410127394442
sat60_user50,60.0,50.0,64,1,2758621.278924876,14720826.087648349,13.6572882088848,73.85683671022656
sat60_user50,60.0,50.0,65,0,3586945.5560982144,15568633.71815073,17.926861545323888,78.11042894404751
sat60_user50,60.0,50.0,65,1,3608528.6504566614,15589433.436676921,18.036870968058285,78.21478459860322
sat60_user50,60.0,50.0,66,0,3054696.6204186585,15023358.809526207,15.196608976885788,75.37469382885126
sat60_user50,60.0,50.0,66,1,3151778.9961962476,15125768.452540409,15.697590679837834,75.88850008278354
sat60_user50,60.0,50.0,67,0,2826470.548773488,14792550.166094854,14.011781197544702,74.21668837483173
sat60_user50,60.0,50.0,67,1,4261929.186235424,16249485.53062415,21.351106674108284,81.526375949869
sat60_user50,60.0,50.0,68,0,3508142.5693119615,15486960.869901668,17.524817050607925,77.70066265150322
sat60_user50,60.0,50.0,68,1,2742843.5674477415,14700198.808069997,13.574686017567883,73.75334620788347
sat60_user50,60.0,50.0,69,0,4114497.9145577257,16101458.972614339,20.6055073170031,80.7837020422389
sat60_user50,60.0,50.0,69,1,3101255.9902078523,15074970.840695938,15.437073147445055,75.63363999479733
sat60_user50,60.0,50.0,70,0,2945115.523425996,14916483.224690009,14.629072300458336,74.83848119829821
sat60_user50,60.0,50.0,70,1,3894715.776117862,15879208.027470285,19.491890525332067,79.66863201407443
sat60_user50,60.0,50.0,71,0,3062919.2021465166,15032603.544506017,15.23910378476563,75.42107620570438
sat60_user50,60.0,50.0,71,1,3850491.2001912235,15834021.81936881,19.267448681383165,79.44192527774831
sat60_user50,60.0,50.0,72,0,4435075.357849667,16427313.013898827,22.225574355135844,82.418566064196
sat60_user50,60.0,50.0,72,1,5137211.8508136785,17131500.758095954,25.762741411788443,85.95159330442067
sat60_user50,60.0,50.0,73,0,3752698.7143654823,15736134.660676315,18.77065444817752,78.95080908922303
sat60_user50,60.0,50.0,73,1,2979092.7618584586,14944280.443750173,14.80529558320747,74.9779444816887
sat60_user50,60.0,50.0,74,0,4794260.232254114,16785996.289257504,24.036491125758378,84.21813981973726
sat60_user50,60.0,50.0,74,1,3077181.137805883,15050143.591047235,15.312781769238402,75.50907754377549
sat60_user50,60.0,50.0,75,0,3018923.7686504815,14991995.727002023,15.011589047005849,75.21734001426516
sat60_user50,60.0,50.0,75,1,3752227.329659958,15734730.92756238,18.768258035562685,78.94376632624659
sat60_user50,60.0,50.0,76,0,2133989.4160034205,14050667.411062106,10.320862843721109,70.49453877624873
sat60_user50,60.0,50.0,76,1,565053.878311795,11925355.606190529,-0.3580382284931074,59.83149125895312
sat60_user50,60.0,50.0,77,0,4487731.495384919,16484016.653877823,22.4912940495229,82.70305767405733
sat60_user50,60.0,50.0,77,1,3342266.158749816,15318201.706069853,16.676337611054628,76.85396979635358
sat60_user50,60.0,50.0,78,0,2650906.1717664585,14604738.674291546,13.09200075836938,73.2744067922573
sat60_user50,60.0,50.0,78,1,4439808.450841623,16429295.796538718,22.249462928661757,82.42851401507775
sat60_user50,60.0,50.0,79,0,3861439.612949292,15844593.9139348,19.323024776014943,79.49496723803712
sat60_user50,60.0,50.0,79,1,4081393.668048842,16070381.006268842,20.437944819877302,80.62777870634295
sat60_user50,60.0,50.0,80,0,4301839.568499666,16289108.050907975,21.552777181015557,81.72516873639024
sat60_user50,60.0,50.0,80,1,3544029.5022185165,15524478.949338684,17.70798512359553,77.88889710946857
sat60_user50,60.0,50.0,81,0,3317176.4596035755,15293170.902401071,16.547711992294747,76.72838608172637
sat60_user50,60.0,50.0,81,1,3879391.588195005,15862941.03173776,19.41413447355651,79.5870177856048
sat60_user50,60.0,50.0,82,0,4231544.215586826,16218816.754052378,21.197523351385996,81.37250558745988
sat60_user50,60.0,50.0,82,1,3634242.157843131,15620634.414903104,18.16787701188004,78.37132510659144
sat60_user50,60.0,50.0,83,0,4322073.500468154,16311807.870764261,21.654995902397765,81.83905751502766
sat60_user50,60.0,50.0,83,1,3964411.697466726,15950770.978562256,19.845341613787046,80.02767526540896
sat60_user50,60.0,50.0,84,0,3127685.6402081363,15097700.130950123,15.573407973396892,75.74767663365107
sat60_user50,60.0,50.0,84,1,3673843.584549123,15659804.534605112,18.369524276786247,78.56784812545472
sat60_user50,60.0,50.0,85,0,2825034.613331607,14791024.358759133,14.004290590946567,74.20903314494728
sat60_user50,60.0,50.0,85,1,4218036.002145647,16206196.757773276,21.129231924819315,81.30918896324195
sat60_user50,60.0,50.0,86,0,2616710.1162018557,14569478.711023444,12.911837958154537,73.09750167393359
sat60_user50,60.0,50.0,86,1,4716158.67984166,16706306.261113055,23.643023466050934,83.81832167103855
sat60_user50,60.0,50.0,87,0,3902630.3602798916,15890509.708138574,19.53204362806217,79.72533442939195
sat60_user50,60.0,50.0,87,1,3587045.7484858218,15566957.325401163,17.927372329024685,78.1020182022152
sat60_user50,60.0,50.0,88,0,1051273.8802554982,12742523.22881661,3.744805963272001,63.93136011548049
sat60_user50,60.0,50.0,88,1,2600392.036757054,14549514.838871468,12.825738264838959,72.99733959651225
sat60_user50,60.0,50.0,89,0,4548594.028991525,16545511.922909029,22.798312703695103,83.01158968515264
sat60_user50,60.0,50.0,89,1,4049314.2804869125,16035782.16821731,20.275514545639254,80.45419057033308
sat60_user50,60.0,50.0,90,0,3637896.46997975,15621343.93168451,18.186490267346414,78.37488487053706
sat60_user50,60.0,50.0,90,1,2954633.5603982178,14921174.491884869,14.678461305544651,74.86201806812407
sat60_user50,60.0,50.0,91,0,2945392.633839739,14914966.592036242,14.6305104871536,74.83087199936179
sat60_user50,60.0,50.0,91,1,2164797.0962641486,14087013.669405147,10.489510721320137,70.67689402537484
sat60_user50,60.0,50.0,92,0,4311943.580770694,16299123.734395113,21.60382316602338,81.77541908933782
sat60_user50,60.0,50.0,92,1,3161439.1786771216,15134811.005070366,15.74735519790372,75.93386807642807
sat60_user50,60.0,50.0,93,0,2967045.410997512,14935361.382120708,14.742838538976809,74.9331960621983
sat60_user50,60.0,50.0,93,1,3903684.76611067,15887677.674635414,19.537392641397744,79.71112564535406
sat60_user50,60.0,50.0,94,0,4173232.352100343,16162139.035000047,20.902665345394603,81.08814402664129
sat60_user50,60.0,50.0,94,1,4167849.2780308435,16154554.225673392,20.875437484042617,81.05008977436519
sat60_user50,60.0,50.0,95,0,3847403.8425229453,15831291.428241031,19.251775204052606,79.42822645043636
sat60_user50,60.0,50.0,95,1,4644004.322544143,16640052.298528923,23.279381010819257,83.48591450178078
sat60_user50,60.0,50.0,96,0,1200488.0300985829,12949558.821727555,4.7744769449325215,64.97009254973553
sat60_user50,60.0,50.0,96,1,3501111.8491046955,15480025.24424245,17.488916469831775,77.66586546154132
sat60_user50,60.0,50.0,97,0,3411968.363931181,15389250.235817065,17.033261947687638,77.21043211344433
sat60_user50,60.0,50.0,97,1,3744104.5703391368,15727221.013805483,18.726961044491446,78.90608783733603
sat60_user50,60.0,50.0,98,0,2206422.2616024464,14132366.80507658,10.716529441532634,70.90443828158602
sat60_user50,60.0,50.0,98,1,3636596.8430458438,15619477.349314544,18.179870748618466,78.36551991568848
sat60_user50,60.0,50.0,99,0,1662522.2417094822,13523307.853421273,7.653105165821542,67.84868769525379
sat60_user50,60.0,50.0,99,1,5067823.278551653,17060507.333958488,25.413645676645405,85.59540746747328
sat60_user50,60.0,50.0,100,0,4420624.908483826,16413870.526474547,22.152636083355667,82.35112286495581
sat60_user50,60.0,50.0,100,1,3417388.3036614414,15394830.613413677,17.060991399894295,77.23842979803666
sat60_user50,60.0,50.0,101,0,3148926.5074173366,15119774.688673567,15.682893205169728,75.85842837015838
sat60_user50,60.0,50.0,101,1,4521048.674130707,16515602.031765932,22.65937577529825,82.86152677770416
sat60_user50,60.0,50.0,102,0,4853978.720955378,16850020.722599,24.33725152204609,84.53936106909583
sat60_user50,60.0,50.0,102,1,3384196.104975484,15361632.524177095,16.891119308428046,77.0718694505141
sat60_user50,60.0,50.0,103,0,4422948.685045393,16411098.367383307,22.16436578307811,82.33721448088781
sat60_user50,60.0,50.0,103,1,2411070.3137461264,14353917.263249423,11.820131838553982,72.015993918938
sat60_user50,60.0,50.0,104,0,3869413.9870966175,15855975.862572156,19.363498943992752,79.55207237115691
sat60_user50,60.0,50.0,104,1,3469179.1524090027,15452555.413222754,17.32579420616616,77.52804474059866
sat60_user50,60.0,50.0,105,0,2932479.3952493505,14896899.145730479,14.56347460670253,74.74022460829875
sat60_user50,60.0,50.0,105,1,1719881.6476965726,13586582.469837349,7.988427370251991,68.16614703724922
sat60_user50,60.0,50.0,106,0,4261563.45768768,16252261.281230202,21.349258306869206,81.54030235318191
sat60_user50,60.0,50.0,106,1,3965774.12040168,15950380.797078839,19.852247893442343,80.02571765988517
sat60_user50,60.0,50.0,107,0,3354403.6682231026,15333737.205163557,16.73853323308325,76.93191398502788
sat60_user50,60.0,50.0,107,1,2407678.128936616,14345764.283809671,11.801991097337535,71.97508906026445
sat60_user50,60.0,50.0,108,0,2445233.602710426,14385611.814773558,12.002573274793436,72.17501077388496
sat60_user50,60.0,50.0,108,1,3657415.4941347167,15640751.176990522,18.285890427592683,78.47225425477552
sat60_user50,60.0,50.0,109,0,5134868.42903017,17127965.21612095,25.75095284052987,85.93385490128543
sat60_user50,60.0,50.0,109,1,4659820.6361422455,16651288.061067702,23.359103617559146,83.54228619450396
sat60_user50,60.0,50.0,110,0,3306804.015526109,15282710.806538118,16.494512318482034,76.67590603706708
sat60_user50,60.0,50.0,110,1,3913911.1504612486,15897930.015689274,19.58926746415951,79.76256334895038
sat60_user50,60.0,50.0,111,0,4229030.224759906,16216784.449104954,21.184814365568364,81.3623091748936
sat60_user50,60.0,50.0,111,1,421914.55822973803,11594755.332520775,-2.0196994573333056,58.17281250997391
sat60_user50,60.0,50.0,112,0,3298757.711716145,15274395.651961038,16.453233451290675,76.63418752039446
sat60_user50,60.0,50.0,112,1,3594171.385267183,15576001.20349714,17.96369659547121,78.14739284598096
sat60_user50,60.0,50.0,113,0,2413892.497939036,14358748.191929523,11.83522076469324,72.04023149445113
sat60_user50,60.0,50.0,113,1,1871596.8144783142,13759755.711767338,8.859167628554252,69.03498616182185
sat60_user50,60.0,50.0,114,0,4192373.915068516,16183333.14785839,20.99947325906859,81.19447842248972
sat60_user50,60.0,50.0,114,1,1988900.9923515834,13891387.444555426,9.518693732666673,69.69540457083914
sat60_user50,60.0,50.0,115,0,3754223.255143579,15739575.035406198,18.77840474815879,78.96807002260934
sat60_user50,60.0,50.0,115,1,4342060.964410089,16329664.635528518,21.75595347867629,81.92864787926757
sat60_user50,60.0,50.0,116,0,3606087.4703787626,15587181.927499175,18.02443041135227,78.20348840179902
sat60_user50,60.0,50.0,116,1,3068841.7152403775,15036900.801975647,15.269704205846821,75.44263626294581
sat60_user50,60.0,50.0,117,0,2045719.9645563671,13953400.614704628,9.834480377275321,70.00653500873067
sat60_user50,60.0,50.0,117,1,3717137.6225599274,15702442.411633797,18.58982061487469,78.78176946064195
sat60_user50,60.0,50.0,118,0,1177102.9508071423,12917892.432966873,4.617356123970622,64.81121695035542
sat60_user50,60.0,50.0,118,1,4837888.305193021,16831371.527242914,24.25622306179565,84.44579494881032
sat60_user50,60.0,50.0,119,0,2757139.3930004467,14718006.268478282,13.649532763373202,73.84268920710122
sat60_user50,60.0,50.0,119,1,1568882.4057483752,13408335.400646703,7.097277471914037,67.2718516446788
sat60_user50,60.0,50.0,120,0,2783238.238516572,14747354.329669526,13.786038129848063,73.98993332529655
sat60_user50,60.0,50.0,120,1,4053987.7098391964,16043211.617250932,20.29918138157114,80.49146535417367
sat60_user50,60.0,50.0,121,0,4351107.521486597,16344438.136377811,21.801642907646443,82.00276899468237
sat60_user50,60.0,50.0,121,1,3729320.3691556067,15711266.194648596,18.651783189870986,78.82603985060311
sat60_user50,60.0,50.0,122,0,1302306.7481048033,13079504.724135922,5.442949307598949,65.62205298313998
sat60_user50,60.0,50.0,122,1,4131413.7163884593,16125665.683670536,20.691107729514915,80.90515114531027
sat60_user50,60.0,50.0,123,0,3494084.67833862,15473296.622443248,17.453028818339597,77.63210684444392
sat60_user50,60.0,50.0,123,1,3790996.093187341,15777689.861826573,18.965292600904498,79.15929845884956
sat60_user50,60.0,50.0,124,0,4321527.869314963,16315000.621122072,21.652239673357915,81.85507607557183
sat60_user50,60.0,50.0,124,1,2130293.138885259,14049318.082249235,10.30059156896926,70.48776896819935
sat60_user50,60.0,50.0,125,0,3668764.590935805,15650138.204387132,18.343670090440796,78.51935053571641
sat60_user50,60.0,50.0,125,1,4535510.301227996,16525912.197803807,22.732322195713415,82.91325459859814
sat60_user50,60.0,50.0,126,0,3138837.433511897,15113968.084045183,15.630898627117544,75.82929566663141
sat60_user50,60.0,50.0,126,1,1881223.6419915308,13770119.495508838,8.913708685815878,69.08698299785607
sat60_user50,60.0,50.0,127,0,4811950.417168082,16801921.605481986,24.125592542679332,84.29803978460372
sat60_user50,60.0,50.0,127,1,3086301.3696968327,15058067.606788017,15.359878654851578,75.54883365195667
sat60_user50,60.0,50.0,128,0,3826434.6964625586,15814451.255781597,19.14530419791554,79.34373649875573
sat60_user50,60.0,50.0,128,1,2276240.3907689075,14206222.427422639,11.095260237395838,71.27498427166975
sat60_user50,60.0,50.0,129,0,2415598.5650925776,14358520.450739732,11.844340760095482,72.0390888788901
sat60_user50,60.0,50.0,129,1,3120455.2304246565,15090962.01048714,15.536122210303915,75.71387035985167
sat60_user50,60.0,50.0,130,0,3645984.252931237,15629018.878801849,18.2276811919596,78.4133913593853
sat60_user50,60.0,50.0,130,1,2414674.9677914907,14356940.366242882,11.839403701270964,72.03116133124001
sat60_user50,60.0,50.0,131,0,2505840.2990651825,14450064.803612404,12.325126340060939,72.4983821752821
sat60_user50,60.0,50.0,131,1,1652395.4252560562,13510352.745336045,7.593515050124936,67.7836897489948
sat60_user50,60.0,50.0,132,0,3287411.3280319637,15265469.78007962,16.395009852791066,76.58940493318804
sat60_user50,60.0,50.0,132,1,3902194.374958946,15887412.099688778,19.52983184813531,79.70979321158923
sat60_user50,60.0,50.0,133,0,2541663.554472497,14489898.712773655,12.515152915770646,72.6982355446383
sat60_user50,60.0,50.0,133,1,3490302.2816536245,15468987.820363825,17.43371001199661,77.61048886621532
sat60_user50,60.0,50.0,134,0,725344.3063992304,12229526.933262348,1.1780957955832863,61.357570817802994
sat60_user50,60.0,50.0,134,1,4918506.868337337,16910133.6099041,24.662149035680734,84.84095744020037
sat60_user50,60.0,50.0,135,0,3207402.1512460024,15182819.420203676,15.983934297991098,76.17473429906086
sat60_user50,60.0,50.0,135,1,3251116.6810220135,15225816.15909558,16.208646292607856,76.3904561061753
sat60_user50,60.0,50.0,136,0,2852907.9929533573,14818471.53369246,14.14960578786528,74.34674019927606
sat60_user50,60.0,50.0,136,1,3346192.149521309,15324302.420865702,16.69645740409466,76.88457809945866
sat60_user50,60.0,50.0,137,0,2689679.75248746,14644236.138302375,13.29585903236383,73.4725721583701
sat60_user50,60.0,50.0,137,1,4119727.6632548072,16105936.03782307,20.631973381766883,80.80616422443214
sat60_user50,60.0,50.0,138,0,4780639.978447039,16773717.02907231,23.967884130683185,84.15653272549724
sat60_user50,60.0,50.0,138,1,1324437.6069240212,13107170.530138675,5.58517681718937,65.76085697825887
sat60_user50,60.0,50.0,139,0,3323686.157152343,15300563.916607162,16.581092640025695,76.76547806641756
sat60_user50,60.0,50.0,139,1,3992463.0614269096,15978738.098917797,19.987514771118057,80.16799096877031
sat60_user50,60.0,50.0,140,0,2552432.8060468305,14504712.130226716,12.572192057178208,72.77255693179163
sat60_user50,60.0,50.0,140,1,2324479.9969010362,14256930.356385635,11.355541219885126,71.52939441735782
sat60_user50,60.0,50.0,141,0,2631014.081196883,14585377.864243675,12.9872421979715,73.17727037822286
sat60_user50,60.0,50.0,141,1,1524810.556552605,13357051.119972272,6.831676301846282,67.0145498151807
sat60_user50,60.0,50.0,142,0,3370131.6574328663,15350937.056959445,16.819099921553416,77.01820850861856
sat60_user50,60.0,50.0,142,1,4358103.347130918,16347258.906936012,21.83697300057277,82.01692127058652
sat60_user50,60.0,50.0,143,0,4576909.093815257,16566319.711476484,22.941107811012827,83.1159858273722
sat60_user50,60.0,50.0,143,1,2863171.3532904666,14824886.664386269,14.203067192963907,74.37892597987039
sat60_user50,60.0,50.0,144,0,4635796.3288376685,16624894.787656963,23.238005680086104,83.40986674423596
sat60_user50,60.0,50.0,144,1,4695995.944668617,16687661.076760639,23.541421284624057,83.72477567456664
sat60_user50,60.0,50.0,145,0,3617861.4769099057,15602442.595286187,18.08442714098186,78.28005371557605
sat60_user50,60.0,50.0,145,1,1634276.232667826,13491896.166613234,7.486590356374805,67.69109000318862
sat60_user50,60.0,50.0,146,0,4537092.504837898,16530299.615377529,22.74030265040384,82.93526700359698
sat60_user50,60.0,50.0,146,1,4155858.0141842305,16142041.130026681,20.814780075235817,80.98730948839744
sat60_user50,60.0,50.0,147,0,4011870.4367290875,15996921.60184589,20.08585033704463,80.25922063309883
sat60_user50,60.0,50.0,147,1,3099068.6613643705,15071624.443710107,15.425784737135524,75.61685056316868
sat60_user50,60.0,50.0,148,0,2679928.874577975,14638196.282499572,13.244633267020717,73.44226919423437
sat60_user50,60.0,50.0,148,1,2721917.5251276447,14677371.436928026,13.465028151214442,73.6388174790619
sat60_user50,60.0,50.0,149,0,3208119.9439155436,15184906.208220473,15.987626340266857,76.18520406244065
sat60_user50,60.0,50.0,149,1,2877417.1059945137,14840004.521653168,14.277232871784342,74.45477479107205
sat60_user50,60.0,50.0,150,0,4528705.185072459,16517811.895148281,22.697997077156128,82.87261403050154
sat60_user50,60.0,50.0,150,1,3978529.584349819,15967842.461432619,19.9169013866455,80.11332573982574
sat60_user50,60.0,50.0,151,0,4490852.6152814245,16480104.512932409,22.50704130296217,82.68342981108786
sat60_user50,60.0,50.0,151,1,3535403.380529252,15514771.950873915,17.66396907636935,77.84019548024291
sat60_user50,60.0,50.0,152,0,1570636.7831307587,13413601.453056639,7.107794727782748,67.298272311851
sat60_user50,60.0,50.0,152,1,3535308.6496022083,15517509.787635902,17.663485656404458,77.85393166361158
sat60_user50,60.0,50.0,153,0,2919865.4836806976,14884823.538878074,14.497958841577658,74.67963927494351
sat60_user50,60.0,50.0,153,1,4688403.218726389,16678137.871135438,23.503158024692187,83.67699616522853
sat60_user50,60.0,50.0,154,0,3835500.8732612436,15823265.788707757,19.191341591448698,79.38796047940986
sat60_user50,60.0,50.0,154,1,2897209.060831697,14859631.15466687,14.380197500635823,74.55324488207964
sat60_user50,60.0,50.0,155,0,4259895.390915533,16250802.254661322,21.340827938076494,81.5329821737688
sat60_user50,60.0,50.0,155,1,3421658.29875212,15399958.108541392,17.0828351078942,77.26415529578881
sat60_user50,60.0,50.0,156,0,3710361.051542607,15693189.559760096,18.555349136546113,78.73534636070045
sat60_user50,60.0,50.0,156,1,3169285.207047606,15148624.118493937,15.78776319663611,76.00317076941496
sat60_user50,60.0,50.0,157,0,4143359.802332849,16133158.994873382,20.75155087149018,80.94274633626253
sat60_user50,60.0,50.0,157,1,3295749.4519841145,15270651.986257868,16.43779835637923,76.61540492547934
sat60_user50,60.0,50.0,158,0,2967560.4821518958,14935008.707535284,14.745509414662035,74.93142663499279
sat60_user50,60.0,50.0,158,1,2917512.8342857533,14881914.753513463,14.485735611814023,74.66504541368425
sat60_user50,60.0,50.0,159,0,4284945.843653582,16273841.062181884,21.467419888048767,81.64857171003717
sat60_user50,60.0,50.0,159,1,3400376.302135017,15379910.21840671,16.973943165324282,77.16357168920638
sat60_user50,60.0,50.0,160,0,4280367.268946942,16268383.066640409,21.44428412862771,81.62118803694618
sat60_user50,60.0,50.0,160,1,2608264.4924750873,14559169.572631698,12.86728646635826,73.04577900662761
sat60_user50,60.0,50.0,161,0,4540547.280887924,16532565.7690362,22.75772787751482,82.94663667408881
sat60_user50,60.0,50.0,161,1,5103763.708173146,17094701.851060256,25.59447256956586,85.76696705685167
sat60_user50,60.0,50.0,162,0,4286701.784829369,16279411.888475822,21.47629251191098,81.67652147381293
sat60_user50,60.0,50.0,162,1,2796941.800185026,14757212.76361995,13.857642938269173,74.03939473274819
sat60_user50,60.0,50.0,163,0,2415605.7260330534,14354975.831595285,11.844379037319584,72.0213049330144
sat60_user50,60.0,50.0,163,1,3675291.921333777,15656691.640286159,18.376896507196946,78.55223021584818
sat60_user50,60.0,50.0,164,0,2432937.763759504,14374520.797128083,11.936963386631643,72.11936528726217
sat60_user50,60.0,50.0,164,1,3735907.2103950456,15718561.799643613,18.685279508253977,78.86264311674766
sat60_user50,60.0,50.0,165,0,2153474.697328328,14071782.491676068,10.427592900810668,70.60047666268241
sat60_user50,60.0,50.0,165,1,3522831.0701647885,15503845.204447627,17.599803550709264,77.78537417218034
sat60_user50,60.0,50.0,166,0,2413707.936007726,14355742.51111656,11.834234095232034,72.02515149213855
sat60_user50,60.0,50.0,166,1,2756163.569716219,14718919.992606908,13.644425482330986,73.84727351346498
sat60_user50,60.0,50.0,167,0,4680806.614180005,16674728.92146892,23.464873719398792,83.65989289676618
sat60_user50,60.0,50.0,167,1,3376142.1602517036,15357886.732704509,16.849880674736994,77.05307619029864
sat60_user50,60.0,50.0,168,0,2522655.3014515387,14471701.165085668,12.414378636553936,72.6069354113211
sat60_user50,60.0,50.0,168,1,4305633.1026224205,16294083.824041521,21.571942794727626,81.7501330193045
sat60_user50,60.0,50.0,169,0,3488448.2166498424,15470082.958849126,17.4242397131759,77.61598335853522
sat60_user50,60.0,50.0,169,1,3778127.9040980744,15761798.090168215,18.89990524680288,79.07956679198288
sat60_user50,60.0,50.0,170,0,4596342.4961207425,16586207.376309607,23.039098213667096,83.21576555549491
sat60_user50,60.0,50.0,170,1,4816327.501683841,16806696.18087886,24.147637824200462,84.32199462487615
sat60_user50,60.0,50.0,171,0,3276015.692196155,15249860.005571326,16.336515897374312,76.51108809224577
sat60_user50,60.0,50.0,171,1,3801210.426694545,15786716.712472484,19.017186081922627,79.20458767290964
sat60_user50,60.0,50.0,172,0,3861920.323851995,15845271.91561941,19.325464761207403,79.4983688854783
sat60_user50,60.0,50.0,172,1,1558881.2258704128,13397328.95332413,7.037241947659119,67.21663045443336
sat60_user50,60.0,50.0,173,0,2019800.2304249837,13930465.099139385,9.690701203845185,69.89146369456799
sat60_user50,60.0,50.0,173,1,3897020.1516374936,15881981.382462958,19.50358175033055,79.68254639824801
sat60_user50,60.0,50.0,174,0,2418440.030387027,14357113.175003173,11.859527560439913,72.03202834163366
sat60_user50,60.0,50.0,174,1,2370281.408662364,14307313.355934866,11.601684861597967,71.78217433688923
sat60_user50,60.0,50.0,175,0,1262521.8578767513,13027723.425391119,5.1846154875642005,65.36225750749931
sat60_user50,60.0,50.0,175,1,2000434.020940748,13905973.599421935,9.58297370554085,69.76858574756017
sat60_user50,60.0,50.0,176,0,3725214.2883948246,15711145.348266441,18.630900621099954,78.82543354416356
sat60_user50,60.0,50.0,176,1,3529876.469567141,15508880.188311068,17.6357632615752,77.81063552544276
sat60_user50,60.0,50.0,177,0,2327448.3626392907,14260028.565740576,11.371521990496165,71.54493865092697
sat60_user50,60.0,50.0,177,1,2126902.8269624943,14047650.525828816,10.281991178705574,70.47940255908406
sat60_user50,60.0,50.0,178,0,5396256.3860549405,17388309.29582955,27.06538983073077,87.24004452392619
sat60_user50,60.0,50.0,178,1,3047205.6474552546,15019867.7426603,15.157884549666285,75.35717856428371
sat60_user50,60.0,50.0,179,0,2790070.0218806015,14753484.200650165,13.821741919178583,74.02068791043148
sat60_user50,60.0,50.0,179,1,2123253.4657560266,14039512.021754107,10.261961925205128,70.43857032463833
sat40_user30,40.0,30.0,0,0,0.0714129846347084,5849349.8000228675,-70.83548586765126,29.342112076267313
sat40_user30,40.0,30.0,0,1,1.2478703983489292,8328115.3125722995,-58.4115599366331,41.783253906040024
sat40_user30,40.0,30.0,1,0,0.6388287128187068,7746617.849178228,-61.31941201351759,38.86550838834527
sat40_user30,40.0,30.0,1,1,0.4129872134696319,7366880.674025509,-63.213890800976145,36.959993159985764
sat40_user30,40.0,30.0,2,0,0.2862185631391403,7051971.661277456,-64.80627920514182,35.37965842659264
sat40_user30,40.0,30.0,2,1,0.023417345280731246,4889056.964504206,-75.67788123843359,24.513880200070606
sat40_user30,40.0,30.0,3,0,0.37058696680328324,7273616.675929584,-63.684355547620086,36.491972653162584
sat40_user30,40.0,30.0,3,1,1.3218468233733573,8380456.624239543,-58.16144326063444,42.04587588745926
sat40_user30,40.0,30.0,4,0,0.9007517115596425,8042780.439110812,-59.827204673269854,40.351568840696395
sat40_user30,40.0,30.0,4,1,0.30220449423242135,7097327.192960207,-64.57024794982901,35.60727892296114
sat40_user30,40.0,30.0,5,0,0.13496989038604548,6400457.848939569,-68.07088860193102,32.10949213854072
sat40_user30,40.0,30.0,5,1,0.2292845830089993,6866085.064768664,-65.76950877860112,34.44673295014438
sat40_user30,40.0,30.0,6,0,0.3486375493931621,7225837.8670583,-63.949515417253046,36.25220313291871
sat40_user30,40.0,30.0,6,1,0.03499787354899811,5232444.35293156,-73.932841217235,26.241738898882776
sat40_user30,40.0,30.0,7,0,0.07612881546882577,5905956.757828687,-70.55776697818851,29.626438487429596
sat40_user30,40.0,30.0,7,1,0.7234276196503535,7855166.821542528,-60.779305222736674,39.410183129997336
sat40_user30,40.0,30.0,8,0,0.2547753435122808,6948618.797550839,-65.31168329764262,34.86096030039947
sat40_user30,40.0,30.0,8,1,0.15876812384178934,6541142.926088842,-67.3656243658286,32.81573340374402
sat40_user30,40.0,30.0,9,0,1.2951711674393993,8357518.927810869,-58.24998296634655,41.93078636223704
sat40_user30,40.0,30.0,9,1,0.7861825707790137,7924546.9751283955,-60.41802180603722,39.758313235327286
sat40_user30,40.0,30.0,10,0,0.8318302325465439,7976879.751677526,-60.17290880083229,40.02090242990405
sat40_user30,40.0,30.0,10,1,0.46741648051872176,7474424.70620459,-62.67621651002049,37.49966165989218
sat40_user30,40.0,30.0,11,0,1.8014131201967833,8642195.09662582,-56.8171201590887,43.35913215798263
sat40_user30,40.0,30.0,11,1,0.1836314331355284,6666963.460846691,-66.73378719585062,33.44730320124277
sat40_user30,40.0,30.0,12,0,0.20217484542516628,6748995.017002651,-66.31598618854636,33.85904671967568
sat40_user30,40.0,30.0,12,1,0.07257961826838846,5864512.1146313045,-70.76511091766962,29.41827167719246
sat40_user30,40.0,30.0,13,0,0.8873772296929799,8028637.213430927,-59.89217286334522,40.2806033234164
sat40_user30,40.0,30.0,13,1,1.1428961695502875,8250406.051928845,-58.793187254335294,41.39334654449128
sat40_user30,40.0,30.0,14,0,0.8460835925415006,7992603.181954869,-60.09912303859808,40.099797278990906
sat40_user30,40.0,30.0,14,1,1.3014846528141515,8361442.383151969,-58.228864116297174,41.950472250421946
sat40_user30,40.0,30.0,15,0,0.31658440798731025,7140417.681758797,-64.36836188215626,35.82352907273277
sat40_user30,40.0,30.0,15,1,0.14948870541812703,6487785.487514244,-67.6271737096403,32.54788585397851
sat40_user30,40.0,30.0,16,0,1.4502665221323014,8454985.224150984,-57.75877603687766,42.41982065744969
sat40_user30,40.0,30.0,16,1,0.024952942393505463,4947786.504339031,-75.40204019974345,24.8095435440764
sat40_user30,40.0,30.0,17,0,0.6992706646898036,7828281.814050149,-60.92680304483072,39.27528087526473
sat40_user30,40.0,30.0,17,1,1.5431316305317127,8509995.57012408,-57.48922428882216,42.69583204530463
sat40_user30,40.0,30.0,18,0,0.05562692040000206,5635676.4709833115,-71.92040757998544,28.268662336453566
sat40_user30,40.0,30.0,18,1,0.3735282859564741,7282315.085132239,-63.650022007218766,36.535623760373056
sat40_user30,40.0,30.0,19,0,0.35893444533907454,7247653.383458721,-63.82310561748233,36.36168083081206
sat40_user30,40.0,30.0,19,1,0.8743234890290181,8015594.171024926,-59.95653423930443,40.21515802584275
sat40_user30,40.0,30.0,20,0,0.16343220458445434,6564702.099248942,-67.23988109296018,32.93399467443811
sat40_user30,40.0,30.0,20,1,0.37240057703455165,7280777.231794171,-63.663153506435094,36.52790637924329
sat40_user30,40.0,30.0,21,0,0.02618506514534854,4982708.254276583,-75.19272124650604,24.985319117928864
sat40_user30,40.0,30.0,21,1,1.1925469210723325,8292184.451818545,-58.608500147174055,41.60297058371395
sat40_user30,40.0,30.0,22,0,0.008080458480448676,3969809.3099269723,-80.2988978824017,19.87270207739818
sat40_user30,40.0,30.0,22,1,0.08289899401770122,5980093.041930865,-70.18776508149384,29.99878104868003
sat40_user30,40.0,30.0,23,0,0.9045952067969697,8045267.465070077,-59.808712802093225,40.364047813359505
sat40_user30,40.0,30.0,23,1,0.7065652883806746,7833054.113718471,-60.88173314187537,39.29922711911776
sat40_user30,40.0,30.0,24,0,1.3068778928026619,8366920.398513095,-58.210904500404126,41.97795811457662
sat40_user30,40.0,30.0,24,1,0.49215171981689393,7518987.571899844,-62.45226658876693,37.72327973643566
sat40_user30,40.0,30.0,25,0,1.3402073133364125,8391310.650988821,-58.10153469650521,42.10033572651855
sat40_user30,40.0,30.0,25,1,1.5359001765718463,8505658.847200073,-57.509624136968284,42.67407281138723
sat40_user30,40.0,30.0,26,0,0.3765165630192009,7292465.5600725645,-63.61541609224201,36.58656162601917
sat40_user30,40.0,30.0,26,1,0.08470490759520469,5999165.756033948,-70.09417194750435,30.094566702751525
sat40_user30,40.0,30.0,27,0,0.2697502764037538,7000036.139437693,-65.06363823370205,35.11901144790629
sat40_user30,40.0,30.0,27,1,0.12428146058793628,6330532.678505819,-68.4291940957433,31.758441100448422
sat40_user30,40.0,30.0,28,0,0.2920400712337455,7069162.462318126,-64.7188327037461,35.465932284007394
sat40_user30,40.0,30.0,28,1,0.414405352726952,7374090.113833211,-63.19900329017372,36.99617137414442
sat40_user30,40.0,30.0,29,0,0.9306313434519294,8071260.061229662,-59.685478805082,40.49446881255933
sat40_user30,40.0,30.0,29,1,0.12474301591431397,6335453.000996436,-68.41309518141568,31.783143598092884
sat40_user30,40.0,30.0,30,0,0.035159102703155254,5237653.115796129,-73.91287998686813,26.267934032699834
sat40_user30,40.0,30.0,30,1,0.7021899848141887,7827092.9907947965,-60.90870982310486,39.26931564568657
sat40_user30,40.0,30.0,31,0,0.6636870280883334,7781762.314808643,-61.153622935535196,39.04185646491782
sat40_user30,40.0,30.0,31,1,0.3499858741398032,7223382.509742725,-63.9327518546542,36.239881272273024
sat40_user30,40.0,30.0,32,0,2.349069702019084,8871173.452360582,-55.66429296629539,44.508001291170565
sat40_user30,40.0,30.0,32,1,0.2992634143249589,7089896.411006128,-64.61272087735345,35.56998715685902
sat40_user30,40.0,30.0,33,0,0.9291181496755221,8068581.71158569,-59.69254612428516,40.48102988517529
sat40_user30,40.0,30.0,33,1,0.18733287512689495,6687701.211538311,-66.64711743542888,33.55139443441904
sat40_user30,40.0,30.0,34,0,0.18008641742320702,6649834.617653466,-66.81844785711611,33.361325698373385
sat40_user30,40.0,30.0,34,1,1.4216991668174819,8444692.77487043,-57.84517723787069,42.368178749108445
sat40_user30,40.0,30.0,35,0,1.3011706942959604,8365078.712118504,-58.22991189609958,41.96871748052242
sat40_user30,40.0,30.0,35,1,0.3353247515846978,7186657.4282571925,-64.11860093664036,36.05558068183467
sat40_user30,40.0,30.0,36,0,0.04192284710623129,5388775.207429725,-73.14875009773522,27.02778141924263
sat40_user30,40.0,30.0,36,1,1.517374053846277,8500151.914984042,-57.562327550484945,42.64644211761667
sat40_user30,40.0,30.0,37,0,3.046932783811965,9098617.996109834,-54.53462151314457,45.64916399871699
sat40_user30,40.0,30.0,37,1,0.031859639394402124,5151950.512724428,-74.34084925392025,25.83688224339461
sat40_user30,40.0,30.0,38,0,0.15041539971636195,6499264.853842817,-67.60033449383234,32.605511567948525
sat40_user30,40.0,30.0,38,1,0.12247831254664124,6315951.963111263,-68.49266564112898,31.68523801166275
sat40_user30,40.0,30.0,39,0,0.35075875268686557,7228442.529120191,-63.92317184261897,36.265274249093984
sat40_user30,40.0,30.0,39,1,0.33909588357184245,7198050.463250096,-64.07003186512702,36.11275551905639
sat40_user30,40.0,30.0,40,0,1.0847013360055486,8206452.766681615,-59.02015342140979,41.17280917700593
sat40_user30,40.0,30.0,40,1,0.7560082956737274,7890591.574040565,-60.58799038664009,39.587934962403885
sat40_user30,40.0,30.0,41,0,0.07921889639302065,5941809.153177374,-70.38496981135674,29.806507953871733
sat40_user30,40.0,30.0,41,1,0.4295868930003422,7403348.719424521,-63.04274659221186,37.1429954980584
sat40_user30,40.0,30.0,42,0,0.8710338963595595,8013545.642489849,-59.9729051486949,40.204879237647155
sat40_user30,40.0,30.0,42,1,0.2004074277882589,6742485.248111088,-66.35411925251013,33.8263726426611
sat40_user30,40.0,30.0,43,0,0.010926257877835115,4231263.809562917,-78.9885433990921,21.196105827818386
sat40_user30,40.0,30.0,43,1,0.0739460966848599,5878938.487794177,-70.68410517027719,29.49073326206356
sat40_user30,40.0,30.0,44,0,0.037326018249772844,5292410.0934959715,-73.65314116234694,26.543287562603556
sat40_user30,40.0,30.0,44,1,1.0527085576156403,8176734.771352119,-59.15017371844935,41.02369746450695
sat40_user30,40.0,30.0,45,0,0.0866012475473167,6015134.514169189,-69.99801619189356,30.174762295495434
sat40_user30,40.0,30.0,45,1,0.8589143225114381,8005103.728288647,-60.03375729175171,40.16252068767598
sat40_user30,40.0,30.0,46,0,0.14954307979359407,6490446.872488378,-67.62559431249196,32.56124588074254
sat40_user30,40.0,30.0,46,1,0.38460406212444803,7305137.723874495,-63.523118260277,36.65015383380621
sat40_user30,40.0,30.0,47,0,0.6389174534976032,7747426.514893288,-61.31880877067873,38.8695661255484
sat40_user30,40.0,30.0,47,1,0.9070296800630825,8047516.16468289,-59.797040633886496,40.37533095008422
sat40_user30,40.0,30.0,48,0,0.03975544298453311,5343332.515833855,-73.37929181735726,26.799323759011653
sat40_user30,40.0,30.0,48,1,0.38219970387748814,7299738.5028146105,-63.550353472843575,36.62305916562068
sat40_user30,40.0,30.0,49,0,2.104465472152617,8779749.42430346,-56.14183456709345,44.04929457778914
sat40_user30,40.0,30.0,49,1,0.6241177599340805,7729910.320184328,-61.4205909176807,38.78167294147757
sat40_user30,40.0,30.0,50,0,0.3401997440613023,7199173.339215016,-64.05591721345465,36.1183905527859
sat40_user30,40.0,30.0,50,1,0.23568675441136722,6886705.88571939,-65.64990554229357,34.55022776619962
sat40_user30,40.0,30.0,51,0,0.039065503943521034,5327084.555514303,-73.45532347509446,26.717633079834986
sat40_user30,40.0,30.0,51,1,1.3220591475672805,8375289.34538244,-58.160745721881746,42.01994916517748
sat40_user30,40.0,30.0,52,0,0.8153296218597911,7961817.829477423,-60.259923638256495,39.945326670643006
sat40_user30,40.0,30.0,52,1,0.8647625409983983,8006800.193878052,-60.00428703394136,40.17103295723902
sat40_user30,40.0,30.0,53,0,0.09948107653925256,6135226.744408765,-69.39585287879295,30.77782539261908
sat40_user30,40.0,30.0,53,1,0.07077760028817257,5842801.796851428,-70.87429937252654,29.309221282614565
sat40_user30,40.0,30.0,54,0,0.44157329002208745,7428063.909208367,-62.92322882741718,37.26701932394644
sat40_user30,40.0,30.0,54,1,0.991198555369122,8127859.36399902,-59.411648803247346,40.778461473844025
sat40_user30,40.0,30.0,55,0,0.11516924660483757,6264186.800832032,-68.75989234769244,31.425342003855995
sat40_user30,40.0,30.0,55,1,0.27405053742914093,7014065.955677494,-64.99495062622239,35.18942285620166
sat40_user30,40.0,30.0,56,0,0.8761823521964677,8022920.788477151,-59.947310679959045,40.25192036962265
sat40_user30,40.0,30.0,56,1,0.3328783784204318,7182283.789190312,-64.15040118700372,36.03363195042778
sat40_user30,40.0,30.0,57,0,1.719123377916816,8603010.776144685,-57.020183118869895,43.16252861473386
sat40_user30,40.0,30.0,57,1,0.9580609973347562,8097300.3080467135,-59.55932388644133,40.625128554241115
sat40_user30,40.0,30.0,58,0,1.668180036901963,8580654.176739402,-57.15082451168545,43.050356345332844
sat40_user30,40.0,30.0,58,1,0.9925242596181366,8125961.152797294,-59.40584409611638,40.76893703505968
sat40_user30,40.0,30.0,59,0,1.187861564516539,8285637.488201983,-58.625596611842035,41.570121097034345
sat40_user30,40.0,30.0,59,1,0.017162987245826905,4617835.892994789,-77.02732903990882,23.147463155496023
sat40_user30,40.0,30.0,60,0,0.1628568480220558,6565393.228044915,-67.25519723566896,32.93746394652641
sat40_user30,40.0,30.0,60,1,1.0926069491866892,8211392.232406645,-58.98861556866294,41.197593185771375
sat40_user30,40.0,30.0,61,0,0.23905486065211795,6896645.513852265,-65.58828150813054,34.60011392700436
sat40_user30,40.0,30.0,61,1,0.02184785155701869,4827810.113211046,-75.97917047320577,24.205468214261863
sat40_user30,40.0,30.0,62,0,0.24581316231548817,6917987.564321326,-65.46720593922609,34.70722722201243
sat40_user30,40.0,30.0,62,1,0.9700601281406942,8108037.973899755,-59.50526891638161,40.67900584888547
sat40_user30,40.0,30.0,63,0,1.3117280084419785,8370835.694197876,-58.194816684120205,41.997603048219865
sat40_user30,40.0,30.0,63,1,0.8078424207961582,7949682.2369723385,-60.299989319560595,39.88443417213222
sat40_user30,40.0,30.0,64,0,0.29794216203178725,7084738.383265323,-64.63193749779415,35.54410127394442
sat40_user30,40.0,30.0,64,1,0.2009345228586353,6748554.70857242,-66.34271179111519,33.85683671022656
sat40_user30,40.0,30.0,65,0,0.5370463992905469,7596140.013359318,-62.07313845467611,38.110428944047506
sat40_user30,40.0,30.0,65,1,0.5508238647464481,7616936.557223494,-61.96312903194172,38.21478459860322
sat40_user30,40.0,30.0,66,0,0.28640896981427083,7050982.425876367,-64.80339102311422,35.374693828851264
sat40_user30,40.0,30.0,66,1,0.32142879241719596,7153364.061539334,-64.30240932016217,35.88850008278352
sat40_user30,40.0,30.0,67,0,0.21802377472916445,6820250.479750091,-65.9882188024553,34.21668837483174
sat40_user30,40.0,30.0,67,1,1.1815066226991249,8276919.004603772,-58.64889332589171,41.52637594986902
sat40_user30,40.0,30.0,68,0,0.48956162948336324,7514480.395430425,-62.47518294939208,37.70066265150323
sat40_user30,40.0,30.0,68,1,0.19714889239741598,6727936.013569988,-66.42531398243212,33.75334620788347
sat40_user30,40.0,30.0,69,0,0.9951218711726559,8128903.804230058,-59.3944926829969,40.78370204223891
sat40_user30,40.0,30.0,69,1,0.30271436339742785,7102579.92814267,-64.56292685255494,35.633639994797335
sat40_user30,40.0,30.0,70,0,0.25132341726796226,6944139.826147282,-65.37092769954167,34.83848119829822
sat40_user30,40.0,30.0,70,1,0.7700424174213327,7906674.0102453185,-60.50810947466793,39.668632014074426
sat40_user30,40.0,30.0,71,0,0.28922517691045846,7060224.494370227,-64.76089621523437,35.42107620570438
sat40_user30,40.0,30.0,71,1,0.7312577368778934,7861492.807509213,-60.73255131861683,39.44192527774831
sat40_user30,40.0,30.0,72,0,1.4450499602350513,8454735.178361543,-57.77442564486415,42.41856606419599
sat40_user30,40.0,30.0,72,1,3.262865049817278,9158895.314912774,-54.23725858821156,45.95159330442067
sat40_user30,40.0,30.0,73,0,0.6522154322100399,7763617.430968562,-61.229345551822476,38.950809089223036
sat40_user30,40.0,30.0,73,1,0.2617310708873011,6971928.070608923,-65.19470441679253,34.97794448168869
sat40_user30,40.0,30.0,74,0,2.1926754386664995,8813401.630298862,-55.96350887424162,44.21813981973726
sat40_user30,40.0,30.0,74,1,0.29417373362047194,7077759.559370843,-64.6872182307616,35.50907754377548
sat40_user30,40.0,30.0,75,0,0.27446351772547845,7019628.604590989,-64.98841095299414,35.21734001426517
sat40_user30,40.0,30.0,75,1,0.6518556428367058,7762213.876691491,-61.23174196443732,38.94376632624659
sat40_user30,40.0,30.0,76,0,0.09319917119067972,6078812.014363113,-69.67913715627888,30.494538776248735
sat40_user30,40.0,30.0,76,1,0.00797116807639076,3961679.4625595105,-80.3580382284931,19.831491258953122
sat40_user30,40.0,30.0,77,0,1.536224931173744,8511435.673925443,-57.50870595047709,42.703057674057334
sat40_user30,40.0,30.0,77,1,0.4026794339536008,7345752.861527241,-63.32366238894537,36.85396979635358
sat40_user30,40.0,30.0,78,0,0.17641106461353287,6632518.382576028,-66.90799924163062,33.2744067922573
sat40_user30,40.0,30.0,78,1,1.4530204199902397,8456717.847538786,-57.75053707133824,42.428514015077745
sat40_user30,40.0,30.0,79,0,0.7406756736296115,7872063.707463957,-60.67697522398505,39.49496723803712
sat40_user30,40.0,30.0,79,1,0.9574586589330022,8097828.47920765,-59.5620551801227,40.62777870634296
sat40_user30,40.0,30.0,80,0,1.2376652487302409,8316538.800119979,-58.44722281898444,41.725168736390245
sat40_user30,40.0,30.0,80,1,0.5106509845485699,7551992.242098892,-62.292014876404465,37.88889710946857
sat40_user30,40.0,30.0,81,0,0.3909281016097441,7320727.296730343,-63.45228800770525,36.728386081726356
sat40_user30,40.0,30.0,81,1,0.7563782759274658,7890408.786418094,-60.58586552644349,39.58701778560479
sat40_user30,40.0,30.0,82,0,1.1404541723007906,8246252.424376944,-58.802476648614004,41.37250558745989
sat40_user30,40.0,30.0,82,1,0.5676927503732366,7648132.913997553,-61.832122988119956,38.37132510659145
sat40_user30,40.0,30.0,83,0,1.2671413454792924,8339237.114231723,-58.345004097602235,41.83905751502767
sat40_user30,40.0,30.0,83,1,0.835333197197754,7978229.549803249,-60.15465838621296,40.02767526540897
sat40_user30,40.0,30.0,84,0,0.31236797934100624,7125303.089646235,-64.4265920266031,35.747676633651075
sat40_user30,40.0,30.0,84,1,0.5946727908740786,7687297.46276483,-61.63047572321375,38.56784812545471
sat40_user30,40.0,30.0,85,0,0.21764805671769244,6818725.250517942,-65.99570940905343,34.20903314494729
sat40_user30,40.0,30.0,85,1,1.1226611659077756,8233633.354720726,-58.87076807518069,41.30918896324195
sat40_user30,40.0,30.0,86,0,0.16924254309472778,6597275.341806744,-67.08816204184546,33.0975016739336
sat40_user30,40.0,30.0,86,1,2.0027541185765387,8733714.76205627,-56.356976533949066,43.818321671038554
sat40_user30,40.0,30.0,87,0,0.7771949270974927,7917974.479317703,-60.46795637193783,39.72533442939194
sat40_user30,40.0,30.0,87,1,0.5371095662731441,7594463.879814461,-62.072627670975315,38.102018202215206
sat40_user30,40.0,30.0,88,0,0.02050247915366742,4773389.371368541,-76.255194036728,23.931360115480484
sat40_user30,40.0,30.0,88,1,0.16592031912322167,6577321.360961051,-67.17426173516105,32.99733959651225
sat40_user30,40.0,30.0,89,0,1.6487569761453176,8572927.757771198,-57.2016872963049,43.011589685152636
sat40_user30,40.0,30.0,89,1,0.9223102018908598,8063232.695445476,-59.72448545436074,40.45419057033308
sat40_user30,40.0,30.0,90,0,0.5701310227590257,7648842.3276108205,-61.81350973265359,38.37488487053706
sat40_user30,40.0,30.0,90,1,0.25419784007478363,6948829.558441827,-65.32153869445534,34.86201806812407
sat40_user30,40.0,30.0,91,0,0.2514066580252176,6942623.691490512,-65.3694895128464,34.83087199936179
sat40_user30,40.0,30.0,91,1,0.09688952734374341,6115126.540729796,-69.51048927867986,30.676894025374843
sat40_user30,40.0,30.0,92,0,1.2522983022914924,8326553.814368229,-58.396176833976625,41.77541908933782
sat40_user30,40.0,30.0,92,1,0.3251331318941318,7162404.2965687495,-64.25264480209628,35.93386807642808
sat40_user30,40.0,30.0,93,0,0.2579939837369555,6963011.857254337,-65.25716146102319,34.93319606219832
sat40_user30,40.0,30.0,93,1,0.7781527530040168,7915142.74793895,-60.462607358602256,39.711125645354066
sat40_user30,40.0,30.0,94,0,1.0655947117417024,8189578.974866676,-59.0973346546054,41.088144026641274
sat40_user30,40.0,30.0,94,1,1.058934924990755,8181994.758406621,-59.12456251595738,41.05008977436519
sat40_user30,40.0,30.0,95,0,0.7286234205985244,7858762.727284186,-60.748224795947394,39.428226450436355
sat40_user30,40.0,30.0,95,1,1.841888890261469,8667463.657351404,-56.72061898918074,43.48591450178078
sat40_user30,40.0,30.0,96,0,0.025988037122798506,4979682.976406415,-75.22552305506748,24.970092549735522
sat40_user30,40.0,30.0,96,1,0.48553139209149976,7507545.951840503,-62.51108353016822,37.665865461541316
sat40_user30,40.0,30.0,97,0,0.43717153283519106,7416787.320195752,-62.96673805231236,37.21043211344432
sat40_user30,40.0,30.0,97,1,0.6456865380321097,7754704.924645512,-61.273038955508554,38.90608783733604
sat40_user30,40.0,30.0,98,0,0.1020889432108667,6160441.903098003,-69.28347055846737,30.904438281586025
sat40_user30,40.0,30.0,98,1,0.5692626909459814,7646976.016834978,-61.82012925138153,38.36551991568847
sat40_user30,40.0,30.0,99,0,0.0504238838695133,5552099.670907,-72.34689483417846,27.848687695253787
sat40_user30,40.0,30.0,99,1,3.0108533425265307,9087903.76981028,-54.5863543233546,45.59540746747327
sat40_user30,40.0,30.0,100,0,1.4209835200770167,8441293.467061145,-57.84736391664434,42.35112286495582
sat40_user30,40.0,30.0,100,1,0.4399717773513479,7422366.640742363,-62.9390086001057,37.238429798036655
sat40_user30,40.0,30.0,101,0,0.32034284584259,7147371.847196616,-64.31710679483027,35.85842837015839
sat40_user30,40.0,30.0,101,1,1.596845748274135,8543019.387578644,-57.34062422470175,42.86152677770414
sat40_user30,40.0,30.0,102,0,2.3499052528177535,8877423.7274383,-55.66274847795391,44.53936106909583
sat40_user30,40.0,30.0,102,1,0.4230947281901988,7389174.941459173,-63.108880691571954,37.0718694505141
sat40_user30,40.0,30.0,103,0,1.4248265865009193,8438521.469529489,-57.83563421692189,42.33721448088781
sat40_user30,40.0,30.0,103,1,0.13162516842988092,6381833.769863623,-68.17986816144602,32.015993918937994
sat40_user30,40.0,30.0,104,0,0.7476106788930581,7883444.386182743,-60.63650105600725,39.55207237115691
sat40_user30,40.0,30.0,104,1,0.4676329371479771,7480080.896770483,-62.674205793833835,37.52804474059866
sat40_user30,40.0,30.0,105,0,0.24755584665920352,6924562.245334957,-65.43652539329747,34.74022460829874
sat40_user30,40.0,30.0,105,1,0.05447139680250697,5615274.320937998,-72.01157262974802,28.166147037249214
sat40_user30,40.0,30.0,106,0,1.1810038781422296,8279694.560237587,-58.65074169313079,41.54030235318193
sat40_user30,40.0,30.0,106,1,0.8366626248963682,7977839.407091137,-60.14775210655766,40.02571765988517
sat40_user30,40.0,30.0,107,0,0.4084877246382114,7361285.184444595,-63.26146676691675,36.931913985027876
sat40_user30,40.0,30.0,107,1,0.13107650900657591,6373685.93614389,-68.19800890266248,31.975089060264445
sat40_user30,40.0,30.0,108,0,0.13727235442530564,6413508.771368885,-67.99742672520657,32.175010773884964
sat40_user30,40.0,30.0,108,1,0.5833305016503096,7668246.7835208615,-61.71410957240732,38.47225425477552
sat40_user30,40.0,30.0,109,0,3.254020293692814,9155359.862914333,-54.24904715947014,45.933854901285436
sat40_user30,40.0,30.0,109,1,1.876012295726506,8678698.919702727,-56.64089638244085,43.54228619450396
sat40_user30,40.0,30.0,110,0,0.3861685703406704,7310269.435403994,-63.50548768151796,36.67590603706708
sat40_user30,40.0,30.0,110,1,0.7875032199551781,7925393.999933423,-60.41073253584049,39.76256334895039
sat40_user30,40.0,30.0,111,0,1.1371216823333763,8244220.267740429,-58.81518563443163,41.3623091748936
sat40_user30,40.0,30.0,111,1,0.005436956224997678,3635211.1138014635,-82.0196994573333,18.172812509973916
sat40_user30,40.0,30.0,112,0,0.3825155004058254,7301956.076511602,-63.54676654870932,36.63418752039446
sat40_user30,40.0,30.0,112,1,0.5416207733956958,7603506.365472614,-62.03630340452879,38.14739284598096
sat40_user30,40.0,30.0,113,0,0.13208327616119703,6386661.672297096,-68.16477923530675,32.040231494451135
sat40_user30,40.0,30.0,113,1,0.06656447868690568,5788208.50518873,-71.14083237144575,29.034986161821855
sat40_user30,40.0,30.0,114,0,1.0896144195540434,8210771.4583609225,-59.000526740931406,41.19447842248972
sat40_user30,40.0,30.0,114,1,0.07748098686566084,5919687.933668189,-70.48130626733332,29.695404570839145
sat40_user30,40.0,30.0,115,0,0.6533803967176809,7767057.368615898,-61.22159525184121,38.968070022609346
sat40_user30,40.0,30.0,115,1,1.296942768111475,8357092.721941972,-58.24404652132372,41.92864787926757
sat40_user30,40.0,30.0,116,0,0.5492482636892208,7614685.388024026,-61.97556958864773,38.20348840179903
sat40_user30,40.0,30.0,116,1,0.2912702556215106,7064520.522028649,-64.73029579415318,35.442636262945804
sat40_user30,40.0,30.0,117,0,0.08332470917759639,5981636.984796781,-70.16551962272467,30.00653500873067
sat40_user30,40.0,30.0,117,1,0.6256157792388702,7729929.555421366,-61.4101793851253,38.78176946064195
sat40_user30,40.0,30.0,118,0,0.025064635557433188,4948118.942281421,-75.38264387602938,24.81121695035542
sat40_user30,40.0,30.0,118,1,2.3064684427464823,8858775.194835413,-55.74377693820436,44.4457949488103
sat40_user30,40.0,30.0,119,0,0.2005760228047346,6745736.050911886,-66.3504672366268,33.84268920710121
sat40_user30,40.0,30.0,119,1,0.04436633205070608,5437328.627619487,-72.90272252808596,27.2718516446788
sat40_user30,40.0,30.0,120,0,0.20698055662557238,6775072.206554619,-66.21396187015195,33.989933325296555
sat40_user30,40.0,30.0,120,1,0.9273500396614501,8070661.478297296,-59.70081861842886,40.49146535417367
sat40_user30,40.0,30.0,121,0,1.3106591124885973,8371865.283399396,-58.19835709235356,42.00276899468236
sat40_user30,40.0,30.0,121,1,0.6346056715681355,7738752.176544579,-61.34821681012901,38.826039850603095
sat40_user30,40.0,30.0,122,0,0.03031242711826403,5109245.846827337,-74.55705069240105,25.62205298313998
sat40_user30,40.0,30.0,122,1,1.014930509020203,8153108.5226497175,-59.30889227048509,40.905151145310256
sat40_user30,40.0,30.0,123,0,0.4815357666598954,7500818.485915434,-62.54697118166041,37.632106844443925
sat40_user30,40.0,30.0,123,1,0.6821107253156963,7805167.467190664,-61.0347073990955,39.15929845884956
sat40_user30,40.0,30.0,124,0,1.2663374160217324,8342429.655954752,-58.34776032664209,41.85507607557183
sat40_user30,40.0,30.0,124,1,0.09276516524839487,6077463.889397361,-69.69940843103073,30.487768968199354
sat40_user30,40.0,30.0,125,0,0.591143134445703,7677632.483996248,-61.656329909559204,38.51935053571641
sat40_user30,40.0,30.0,125,1,1.6238937171994936,8553329.023387628,-57.267677804286585,42.91325459859816
sat40_user30,40.0,30.0,126,0,0.31653050644791514,7141566.753971537,-64.36910137288245,35.8292956666314
sat40_user30,40.0,30.0,126,1,0.06740570271430153,5798559.4407905135,-71.08629131418412,29.08698299785606
sat40_user30,40.0,30.0,127,0,2.2381257409976865,8829326.349178,-55.874407457320665,44.298039784603716
sat40_user30,40.0,30.0,127,1,0.2973812482662938,7085681.35749595,-64.64012134514843,35.54883365195667
sat40_user30,40.0,30.0,128,0,0.7109777844450295,7841924.494199696,-60.85469580208446,39.34373649875573
sat40_user30,40.0,30.0,128,1,0.11139143142344797,6234240.092294802,-68.90473976260417,31.27498427166976
sat40_user30,40.0,30.0,129,0,0.1323609366988405,6386434.073392818,-68.15565923990452,32.0390888788901
sat40_user30,40.0,30.0,129,1,0.30969766630560075,7118566.769309788,-64.46387778969608,35.71387035985167
sat40_user30,40.0,30.0,130,0,0.5755641881865895,7656516.164130598,-61.772318808040396,38.4133913593853
sat40_user30,40.0,30.0,130,1,0.13221055429920486,6384854.977113833,-68.16059629872903,32.03116133124
sat40_user30,40.0,30.0,131,0,0.14785580715372854,6477924.143860479,-67.67487365993907,32.4983821752821
sat40_user30,40.0,30.0,131,1,0.04973673604642542,5539165.945657288,-72.40648494987506,27.783689748994803
sat40_user30,40.0,30.0,132,0,0.37742153785216337,7293032.151490408,-63.60499014720894,36.589404933188035
sat40_user30,40.0,30.0,132,1,0.7767992172744058,7914877.201374853,-60.470168151864684,39.709793211589236
sat40_user30,40.0,30.0,133,0,0.15446889592517551,6517736.166427947,-67.48484708422934,32.698235544638294
sat40_user30,40.0,30.0,133,1,0.4793984993445335,7496510.428754374,-62.56628998800339,37.61048886621532
sat40_user30,40.0,30.0,134,0,0.011353646414973452,4263208.227697275,-78.82190420441671,21.357570817803
sat40_user30,40.0,30.0,134,1,2.5324452072988475,8937534.573096013,-55.337850964319266,44.84095744020038
sat40_user30,40.0,30.0,135,0,0.34333583381434646,7210400.80499369,-64.0160657020089,36.17473429906086
sat40_user30,40.0,30.0,135,1,0.36156828376738065,7253387.426344549,-63.79135370739214,36.390456106175286
sat40_user30,40.0,30.0,136,0,0.22505378003833446,6846162.180224504,-65.85039421213472,34.346740199276056
sat40_user30,40.0,30.0,136,1,0.4045492759510348,7351852.322253889,-63.30354259590535,36.88457809945866
sat40_user30,40.0,30.0,137,0,0.18488924374095,6671997.6908125505,-66.70414096763616,33.4725721583701
sat40_user30,40.0,30.0,137,1,1.0012046923050275,8133380.496685917,-59.36802661823312,40.80616422443214
sat40_user30,40.0,30.0,138,0,2.158309195103523,8801122.838260647,-56.03211586931682,44.15653272549725
sat40_user30,40.0,30.0,138,1,0.03132156563036099,5136837.247664316,-74.41482318281064,25.760856978258868
sat40_user30,40.0,30.0,139,0,0.39394442101084487,7328118.747809025,-63.418907359974305,36.765478066417565
sat40_user30,40.0,30.0,139,1,0.8631316658918781,8006193.9361655805,-60.01248522888194,40.16799096877031
sat40_user30,40.0,30.0,140,0,0.1565110322875441,6532541.698072587,-67.42780794282179,32.772556931791634
sat40_user30,40.0,30.0,140,1,0.11827143922327939,6284911.33012487,-68.64445878011487,31.529394417357825
sat40_user30,40.0,30.0,141,0,0.17220666888964223,6613166.779115746,-67.0127578020285,33.17727037822285
sat40_user30,40.0,30.0,141,1,0.04173432649068801,5386143.167274054,-73.16832369815371,27.014549815180693
sat40_user30,40.0,30.0,142,0,0.4161363725484118,7378481.5856362935,-63.18090007844659,37.018208508618564
sat40_user30,40.0,30.0,142,1,1.3213648745500617,8374685.876410869,-58.16302699942724,42.01692127058653
sat40_user30,40.0,30.0,143,0,1.703868770576101,8593734.518812874,-57.05889218898717,43.1159858273722
sat40_user30,40.0,30.0,143,1,0.2278413008495508,6852574.962795804,-65.7969328070361,34.37892597987038
sat40_user30,40.0,30.0,144,0,1.8244245166812523,8652306.831622578,-56.761994319913896,43.409866744235956
sat40_user30,40.0,30.0,144,1,1.9564440250571395,8715070.35997724,-56.45857871537594,43.72477567456666
sat40_user30,40.0,30.0,145,0,0.5568886462894113,7629943.768666963,-61.91557285901814,38.280053715576045
sat40_user30,40.0,30.0,145,1,0.048527153084203134,5520740.387260998,-72.5134096436252,27.69109000318863
sat40_user30,40.0,30.0,146,0,1.6268804722932324,8557716.217234671,-57.25969734959616,42.93526700359698
sat40_user30,40.0,30.0,146,1,1.0442477181451315,8169482.652271312,-59.18521992476418,40.98730948839744
sat40_user30,40.0,30.0,147,0,0.8828981393950542,8024375.708320405,-59.914149662955374,40.25922063309884
sat40_user30,40.0,30.0,147,1,0.301928554180896,7099234.447147121,-64.57421526286447,35.61685056316868
sat40_user30,40.0,30.0,148,0,0.18272125528794092,6665960.558000032,-66.75536673297928,33.44226919423437
sat40_user30,40.0,30.0,148,1,0.192233271090948,6705118.384054272,-66.53497184878556,33.638817479061906
sat40_user30,40.0,30.0,149,0,0.3436278360830602,7212487.090282062,-64.01237365973314,36.18520406244064
sat40_user30,40.0,30.0,149,1,0.23176562265701078,6867687.3548100935,-65.72276712821565,34.45477479107205
sat40_user30,40.0,30.0,150,0,1.6111096275579693,8545229.136780312,-57.302002922843876,42.87261403050155
sat40_user30,40.0,30.0,150,1,0.8492112032425113,7995299.353320308,-60.08309861335451,40.11332573982575
sat40_user30,40.0,30.0,151,0,1.5418052951551056,8507523.743369354,-57.492958697037835,42.68342981108785
sat40_user30,40.0,30.0,151,1,0.5055016414313536,7542286.830419422,-62.33603092363065,37.84019548024291
sat40_user30,40.0,30.0,152,0,0.04447390374786932,5442584.859712803,-72.89220527221725,27.298272311851
sat40_user30,40.0,30.0,152,1,0.5054453763529593,7545024.217829439,-62.336514343595546,37.853931663611576
sat40_user30,40.0,30.0,153,0,0.24384935568592198,6912490.719129859,-65.50204115842234,34.67963927494352
sat40_user30,40.0,30.0,153,1,1.93928262005413,8705547.560453739,-56.49684197530781,43.67699616522852
sat40_user30,40.0,30.0,154,0,0.718554590404025,7850738.00730792,-60.80865840855131,39.38796047940986
sat40_user30,40.0,30.0,154,1,0.2373260875514782,6887307.033470413,-65.61980249936417,34.553244882079646
sat40_user30,40.0,30.0,155,0,1.1787135809778257,8278235.636074638,-58.659172061923506,41.532982173768815
sat40_user30,40.0,30.0,155,1,0.4421902771477794,7427493.170594251,-62.917164892105795,37.26415529578881
sat40_user30,40.0,30.0,156,0,0.6206697040661849,7720677.93472513,-61.44465086345388,38.73534636070045
sat40_user30,40.0,30.0,156,1,0.32817237991287274,7176213.916249453,-64.2122368033639,36.003170769414965
sat40_user30,40.0,30.0,157,0,1.029154597159932,8160601.228230463,-59.24844912850982,40.94274633626252
sat40_user30,40.0,30.0,157,1,0.3811584299749384,7298213.224912423,-63.562201643620774,36.61540492547934
sat40_user30,40.0,30.0,158,0,0.2581526966869463,6962659.295898553,-65.25449058533796,34.93142663499279
sat40_user30,40.0,30.0,158,1,0.24316400590696585,6909582.925250232,-65.51426438818598,34.66504541368425
sat40_user30,40.0,30.0,159,0,1.213577381907775,8301272.846533929,-58.53258011195123,41.64857171003718
sat40_user30,40.0,30.0,159,1,0.4312409535192531,7407449.087312614,-63.02605683467572,37.16357168920638
sat40_user30,40.0,30.0,160,0,1.2071295999189962,8295815.225510435,-58.555715871372286,41.62118803694618
sat40_user30,40.0,30.0,160,1,0.1675152669437144,6586971.282709776,-67.13271353364173,33.04577900662761
sat40_user30,40.0,30.0,161,0,1.6334211224148725,8559982.25577917,-57.24227212248518,42.9466366740888
sat40_user30,40.0,30.0,161,1,3.1388622639315287,9122097.362616599,-54.40552743043415,45.76696705685166
sat40_user30,40.0,30.0,162,0,1.2160592498304033,8306843.292994898,-58.52370748808902,41.67652147381294
sat40_user30,40.0,30.0,162,1,0.21042146044321347,6784926.730942527,-66.14235706173083,34.039394732748185
sat40_user30,40.0,30.0,163,0,0.1323621033865948,6382891.673643979,-68.15562096268042,32.021304933014406
sat40_user30,40.0,30.0,163,1,0.5956831159813569,7684185.00201342,-61.623103492803054,38.55223021584818
sat40_user30,40.0,30.0,164,0,0.1352141350250942,6402424.513733089,-68.06303661336835,32.11936528726217
sat40_user30,40.0,30.0,164,1,0.6395191884037008,7746046.829777621,-61.314720491746016,38.86264311674767
sat40_user30,40.0,30.0,165,0,0.09551796378075136,6099908.498674949,-69.57240709918933,30.600476662682404
sat40_user30,40.0,30.0,165,1,0.4980879318737126,7531361.891583325,-62.40019644929073,37.78537417218034
sat40_user30,40.0,30.0,166,0,0.13205327171990658,6383657.872353417,-68.16576590476797,32.025151492138555
sat40_user30,40.0,30.0,166,1,0.20034028500937773,6746649.398254818,-66.35557451766901,33.84727351346499
sat40_user30,40.0,30.0,167,0,1.9222624351482431,8702138.757245632,-56.53512628060121,43.65989289676618
sat40_user30,40.0,30.0,167,1,0.41909622765277016,7385429.886478216,-63.150119325263006,37.05307619029864
sat40_user30,40.0,30.0,168,0,0.15092584462641817,6499548.492513103,-67.58562136344607,32.6069354113211
sat40_user30,40.0,30.0,168,1,1.2431391874785749,8321514.239809036,-58.428057205272374,41.7501330193045
sat40_user30,40.0,30.0,169,0,0.4783542542543295,7497605.377557383,-62.57576028682409,37.61598335853522
sat40_user30,40.0,30.0,169,1,0.671917798674812,7789277.641513018,-61.100094753197126,39.07956679198288
sat40_user30,40.0,30.0,170,0,1.7427503295133484,8613621.224374829,-56.960901786332904,43.21576555549491
sat40_user30,40.0,30.0,170,1,2.2495155906385444,8834100.7476153,-55.85236217579954,44.321994624876154
sat40_user30,40.0,30.0,171,0,0.3723722299896827,7277425.830314089,-63.66348410262569,36.51108809224577
sat40_user30,40.0,30.0,171,1,0.6903100947403473,7814193.228284337,-60.982813918077376,39.20458767290963
sat40_user30,40.0,30.0,172,0,0.7410919221565888,7872741.633033301,-60.67453523879259,39.49836888547829
sat40_user30,40.0,30.0,172,1,0.043757245251843505,5426342.899075989,-72.96275805234087,27.216630454433357
sat40_user30,40.0,30.0,173,0,0.08061129333602911,5958724.650575079,-70.30929879615482,29.89146369456798
sat40_user30,40.0,30.0,173,1,0.7721181663683304,7909447.066454566,-60.496418249669446,39.682546398248014
sat40_user30,40.0,30.0,174,0,0.1328245985938558,6385027.677708096,-68.14047243956009,32.032028341633676
sat40_user30,40.0,30.0,174,1,0.12516826841484124,6335259.9400994135,-68.39831513840204,31.782174336889216
sat40_user30,40.0,30.0,175,0,0.02856191553360665,5057610.346797333,-74.8153845124358,25.362257507499308
sat40_user30,40.0,30.0,175,1,0.07863631246070017,5934258.59176065,-70.41702629445915,29.768585747560174
sat40_user30,40.0,30.0,176,0,0.6315615660559404,7738631.345995295,-61.369099378900046,38.82543354416355
sat40_user30,40.0,30.0,176,1,0.5022292349507891,7536396.03968466,-62.3642367384248,37.81063552544277
sat40_user30,40.0,30.0,177,0,0.11870744524387344,6288007.366547605,-68.62847800950384,31.54493865092697
sat40_user30,40.0,30.0,177,1,0.09236871127687152,6075797.823333692,-69.71800882129442,30.479402559084072
sat40_user30,40.0,30.0,178,0,4.404165875575806,9415698.208918342,-52.93461016926923,47.240044523926194
sat40_user30,40.0,30.0,178,1,0.2838665196959134,7047492.373377644,-64.84211545033372,35.35717856428371
sat40_user30,40.0,30.0,179,0,0.2086891781887735,6781199.641379249,-66.17825808082142,34.02068791043147
sat40_user30,40.0,30.0,179,1,0.0919436961341095,6067666.63424571,-69.73803807479487,30.438570324638338
