user_id,user_type,rat_id,rat_name,rat_type,selected,uplink_rate,downlink_rate,effective_e2e_rate
0,URLLC,0,6G_1,6G,0,0.0,0.0,0.0
0,URLLC,1,6G_2,6G,1,23745084.613349196,40000000.0,23745084.613349196
0,URLLC,2,WiFi_1,WiFi,0,0.0,0.0,0.0
0,URLLC,3,WiFi_2,WiFi,0,0.0,0.0,0.0
0,URLLC,4,WiFi_3,WiFi,0,0.0,0.0,0.0
0,URLLC,5,WiFi_4,WiFi,0,0.0,0.0,0.0
0,URLLC,6,Satellite_1,Satellite,0,0.0,0.0,0.0
0,URLLC,7,Satellite_2,Satellite,0,0.0,0.0,0.0
1,URLLC,0,6G_1,6G,0,0.0,0.0,0.0
1,URLLC,1,6G_2,6G,0,0.0,0.0,0.0
1,URLLC,2,WiFi_1,WiFi,0,0.0,0.0,0.0
1,URLLC,3,WiFi_2,WiFi,1,8143979.181697139,20000000.0,8143979.181697139
1,URLLC,4,WiFi_3,WiFi,0,0.0,0.0,0.0
1,URLLC,5,WiFi_4,WiFi,0,0.0,0.0,0.0
1,URLLC,6,Satellite_1,Satellite,0,0.0,0.0,0.0
1,URLLC,7,Satellite_2,Satellite,0,0.0,0.0,0.0
2,URLLC,0,6G_1,6G,1,10590986.475891659,40000000.0,10590986.475891659
2,URLLC,1,6G_2,6G,0,0.0,0.0,0.0
2,URLLC,2,WiFi_1,WiFi,0,0.0,0.0,0.0
2,URLLC,3,WiFi_2,WiFi,0,0.0,0.0,0.0
2,URLLC,4,WiFi_3,WiFi,0,0.0,0.0,0.0
2,URLLC,5,WiFi_4,WiFi,0,0.0,0.0,0.0
2,URLLC,6,Satellite_1,Satellite,0,0.0,0.0,0.0
2,URLLC,7,Satellite_2,Satellite,0,0.0,0.0,0.0
3,URLLC,0,6G_1,6G,0,0.0,0.0,0.0
3,URLLC,1,6G_2,6G,1,26392936.310371827,40000000.0,26392936.310371827
3,URLLC,2,WiFi_1,WiFi,0,0.0,0.0,0.0
3,URLLC,3,WiFi_2,WiFi,0,0.0,0.0,0.0
3,URLLC,4,WiFi_3,WiFi,0,0.0,0.0,0.0
3,URLLC,5,WiFi_4,WiFi,0,0.0,0.0,0.0
3,URLLC,6,Satellite_1,Satellite,0,0.0,0.0,0.0
3,URLLC,7,Satellite_2,Satellite,0,0.0,0.0,0.0
4,URLLC,0,6G_1,6G,0,0.0,0.0,0.0
4,URLLC,1,6G_2,6G,0,0.0,0.0,0.0
4,URLLC,2,WiFi_1,WiFi,0,0.0,0.0,0.0
4,URLLC,3,WiFi_2,WiFi,1,42150234.88253352,20000000.0,20000000.0
4,URLLC,4,WiFi_3,WiFi,0,0.0,0.0,0.0
4,URLLC,5,WiFi_4,WiFi,0,0.0,0.0,0.0
4,URLLC,6,Satellite_1,Satellite,0,0.0,0.0,0.0
4,URLLC,7,Satellite_2,Satellite,0,0.0,0.0,0.0
5,URLLC,0,6G_1,6G,0,0.0,0.0,0.0
5,URLLC,1,6G_2,6G,0,0.0,0.0,0.0
5,URLLC,2,WiFi_1,WiFi,0,0.0,0.0,0.0
5,URLLC,3,WiFi_2,WiFi,1,21234522.63740455,20000000.0,20000000.0
5,URLLC,4,WiFi_3,WiFi,0,0.0,0.0,0.0
5,URLLC,5,WiFi_4,WiFi,0,0.0,0.0,0.0
5,URLLC,6,Satellite_1,Satellite,0,0.0,0.0,0.0
5,URLLC,7,Satellite_2,Satellite,0,0.0,0.0,0.0
6,URLLC,0,6G_1,6G,0,0.0,0.0,0.0
6,URLLC,1,6G_2,6G,1,80599062.82306877,40000000.0,40000000.0
6,URLLC,2,WiFi_1,WiFi,0,0.0,0.0,0.0
6,URLLC,3,WiFi_2,WiFi,0,0.0,0.0,0.0
6,URLLC,4,WiFi_3,WiFi,0,0.0,0.0,0.0
6,URLLC,5,WiFi_4,WiFi,0,0.0,0.0,0.0
6,URLLC,6,Satellite_1,Satellite,0,0.0,0.0,0.0
6,URLLC,7,Satellite_2,Satellite,0,0.0,0.0,0.0
7,URLLC,0,6G_1,6G,1,50687806.29196164,40000000.0,40000000.0
7,URLLC,1,6G_2,6G,0,0.0,0.0,0.0
7,URLLC,2,WiFi_1,WiFi,0,0.0,0.0,0.0
7,URLLC,3,WiFi_2,WiFi,0,0.0,0.0,0.0
7,URLLC,4,WiFi_3,WiFi,0,0.0,0.0,0.0
7,URLLC,5,WiFi_4,WiFi,0,0.0,0.0,0.0
7,URLLC,6,Satellite_1,Satellite,0,0.0,0.0,0.0
7,URLLC,7,Satellite_2,Satellite,0,0.0,0.0,0.0
8,URLLC,0,6G_1,6G,1,88963257.0646366,40000000.0,40000000.0
8,URLLC,1,6G_2,6G,0,0.0,0.0,0.0
8,URLLC,2,WiFi_1,WiFi,0,0.0,0.0,0.0
8,URLLC,3,WiFi_2,WiFi,0,0.0,0.0,0.0
8,URLLC,4,WiFi_3,WiFi,0,0.0,0.0,0.0
8,URLLC,5,WiFi_4,WiFi,0,0.0,0.0,0.0
8,URLLC,6,Satellite_1,Satellite,0,0.0,0.0,0.0
8,URLLC,7,Satellite_2,Satellite,0,0.0,0.0,0.0
9,URLLC,0,6G_1,6G,0,0.0,0.0,0.0
9,URLLC,1,6G_2,6G,1,86595425.01984307,40000000.0,40000000.0
9,URLLC,2,WiFi_1,WiFi,0,0.0,0.0,0.0
9,URLLC,3,WiFi_2,WiFi,0,0.0,0.0,0.0
9,URLLC,4,WiFi_3,WiFi,0,0.0,0.0,0.0
9,URLLC,5,WiFi_4,WiFi,0,0.0,0.0,0.0
9,URLLC,6,Satellite_1,Satellite,0,0.0,0.0,0.0
9,URLLC,7,Satellite_2,Satellite,0,0.0,0.0,0.0
10,URLLC,0,6G_1,6G,0,0.0,0.0,0.0
10,URLLC,1,6G_2,6G,1,41859891.0218189,40000000.0,40000000.0
10,URLLC,2,WiFi_1,WiFi,0,0.0,0.0,0.0
10,URLLC,3,WiFi_2,WiFi,0,0.0,0.0,0.0
10,URLLC,4,WiFi_3,WiFi,0,0.0,0.0,0.0
10,URLLC,5,WiFi_4,WiFi,0,0.0,0.0,0.0
10,URLLC,6,Satellite_1,Satellite,0,0.0,0.0,0.0
10,URLLC,7,Satellite_2,Satellite,0,0.0,0.0,0.0
11,URLLC,0,6G_1,6G,1,53709783.861975774,40000000.0,40000000.0
11,URLLC,1,6G_2,6G,0,0.0,0.0,0.0
11,URLLC,2,WiFi_1,WiFi,0,0.0,0.0,0.0
11,URLLC,3,WiFi_2,WiFi,0,0.0,0.0,0.0
11,URLLC,4,WiFi_3,WiFi,0,0.0,0.0,0.0
11,URLLC,5,WiFi_4,WiFi,0,0.0,0.0,0.0
11,URLLC,6,Satellite_1,Satellite,0,0.0,0.0,0.0
11,URLLC,7,Satellite_2,Satellite,0,0.0,0.0,0.0
12,URLLC,0,6G_1,6G,0,0.0,0.0,0.0
12,URLLC,1,6G_2,6G,0,0.0,0.0,0.0
12,URLLC,2,WiFi_1,WiFi,1,2298100.599012968,20000000.0,2298100.599012968
12,URLLC,3,WiFi_2,WiFi,0,0.0,0.0,0.0
12,URLLC,4,WiFi_3,WiFi,0,0.0,0.0,0.0
12,URLLC,5,WiFi_4,WiFi,0,0.0,0.0,0.0
12,URLLC,6,Satellite_1,Satellite,0,0.0,0.0,0.0
12,URLLC,7,Satellite_2,Satellite,0,0.0,0.0,0.0
13,URLLC,0,6G_1,6G,1,55103987.26176795,40000000.0,40000000.0
13,URLLC,1,6G_2,6G,0,0.0,0.0,0.0
13,URLLC,2,WiFi_1,WiFi,0,0.0,0.0,0.0
13,URLLC,3,WiFi_2,WiFi,0,0.0,0.0,0.0
13,URLLC,4,WiFi_3,WiFi,0,0.0,0.0,0.0
13,URLLC,5,WiFi_4,WiFi,0,0.0,0.0,0.0
13,URLLC,6,Satellite_1,Satellite,0,0.0,0.0,0.0
13,URLLC,7,Satellite_2,Satellite,0,0.0,0.0,0.0
14,URLLC,0,6G_1,6G,0,0.0,0.0,0.0
14,URLLC,1,6G_2,6G,0,0.0,0.0,0.0
14,URLLC,2,WiFi_1,WiFi,0,0.0,0.0,0.0
14,URLLC,3,WiFi_2,WiFi,1,53518956.01903302,20000000.0,20000000.0
14,URLLC,4,WiFi_3,WiFi,0,0.0,0.0,0.0
14,URLLC,5,WiFi_4,WiFi,0,0.0,0.0,0.0
14,URLLC,6,Satellite_1,Satellite,0,0.0,0.0,0.0
14,URLLC,7,Satellite_2,Satellite,0,0.0,0.0,0.0
15,URLLC,0,6G_1,6G,1,24922171.086586244,40000000.0,24922171.086586244
15,URLLC,1,6G_2,6G,0,0.0,0.0,0.0
15,URLLC,2,WiFi_1,WiFi,0,0.0,0.0,0.0
15,URLLC,3,WiFi_2,WiFi,0,0.0,0.0,0.0
15,URLLC,4,WiFi_3,WiFi,0,0.0,0.0,0.0
15,URLLC,5,WiFi_4,WiFi,0,0.0,0.0,0.0
15,URLLC,6,Satellite_1,Satellite,0,0.0,0.0,0.0
15,URLLC,7,Satellite_2,Satellite,0,0.0,0.0,0.0
16,URLLC,0,6G_1,6G,1,66273412.39578045,40000000.0,40000000.0
16,URLLC,1,6G_2,6G,0,0.0,0.0,0.0
16,URLLC,2,WiFi_1,WiFi,0,0.0,0.0,0.0
16,URLLC,3,WiFi_2,WiFi,0,0.0,0.0,0.0
16,URLLC,4,WiFi_3,WiFi,0,0.0,0.0,0.0
16,URLLC,5,WiFi_4,WiFi,0,0.0,0.0,0.0
16,URLLC,6,Satellite_1,Satellite,0,0.0,0.0,0.0
16,URLLC,7,Satellite_2,Satellite,0,0.0,0.0,0.0
17,URLLC,0,6G_1,6G,1,42230472.427172616,40000000.0,40000000.0
17,URLLC,1,6G_2,6G,0,0.0,0.0,0.0
17,URLLC,2,WiFi_1,WiFi,0,0.0,0.0,0.0
17,URLLC,3,WiFi_2,WiFi,0,0.0,0.0,0.0
17,URLLC,4,WiFi_3,WiFi,0,0.0,0.0,0.0
17,URLLC,5,WiFi_4,WiFi,0,0.0,0.0,0.0
17,URLLC,6,Satellite_1,Satellite,0,0.0,0.0,0.0
17,URLLC,7,Satellite_2,Satellite,0,0.0,0.0,0.0
18,URLLC,0,6G_1,6G,1,98069931.8643322,40000000.0,40000000.0
18,URLLC,1,6G_2,6G,0,0.0,0.0,0.0
18,URLLC,2,WiFi_1,WiFi,0,0.0,0.0,0.0
18,URLLC,3,WiFi_2,WiFi,0,0.0,0.0,0.0
18,URLLC,4,WiFi_3,WiFi,0,0.0,0.0,0.0
18,URLLC,5,WiFi_4,WiFi,0,0.0,0.0,0.0
18,URLLC,6,Satellite_1,Satellite,0,0.0,0.0,0.0
18,URLLC,7,Satellite_2,Satellite,0,0.0,0.0,0.0
19,URLLC,0,6G_1,6G,0,0.0,0.0,0.0
19,URLLC,1,6G_2,6G,1,58418305.17975996,40000000.0,40000000.0
19,URLLC,2,WiFi_1,WiFi,0,0.0,0.0,0.0
19,URLLC,3,WiFi_2,WiFi,0,0.0,0.0,0.0
19,URLLC,4,WiFi_3,WiFi,0,0.0,0.0,0.0
19,URLLC,5,WiFi_4,WiFi,0,0.0,0.0,0.0
19,URLLC,6,Satellite_1,Satellite,0,0.0,0.0,0.0
19,URLLC,7,Satellite_2,Satellite,0,0.0,0.0,0.0
20,URLLC,0,6G_1,6G,0,0.0,0.0,0.0
20,URLLC,1,6G_2,6G,0,0.0,0.0,0.0
20,URLLC,2,WiFi_1,WiFi,1,21942604.970637582,20000000.0,20000000.0
20,URLLC,3,WiFi_2,WiFi,0,0.0,0.0,0.0
20,URLLC,4,WiFi_3,WiFi,0,0.0,0.0,0.0
20,URLLC,5,WiFi_4,WiFi,0,0.0,0.0,0.0
20,URLLC,6,Satellite_1,Satellite,0,0.0,0.0,0.0
20,URLLC,7,Satellite_2,Satellite,0,0.0,0.0,0.0
21,URLLC,0,6G_1,6G,0,0.0,0.0,0.0
21,URLLC,1,6G_2,6G,0,0.0,0.0,0.0
21,URLLC,2,WiFi_1,WiFi,0,0.0,0.0,0.0
21,URLLC,3,WiFi_2,WiFi,0,0.0,0.0,0.0
21,URLLC,4,WiFi_3,WiFi,0,0.0,0.0,0.0
21,URLLC,5,WiFi_4,WiFi,1,16910458.738872252,20000000.0,16910458.738872252
21,URLLC,6,Satellite_1,Satellite,0,0.0,0.0,0.0
21,URLLC,7,Satellite_2,Satellite,0,0.0,0.0,0.0
22,URLLC,0,6G_1,6G,0,0.0,0.0,0.0
22,URLLC,1,6G_2,6G,1,87116076.58642685,40000000.0,40000000.0
22,URLLC,2,WiFi_1,WiFi,0,0.0,0.0,0.0
22,URLLC,3,WiFi_2,WiFi,0,0.0,0.0,0.0
22,URLLC,4,WiFi_3,WiFi,0,0.0,0.0,0.0
22,URLLC,5,WiFi_4,WiFi,0,0.0,0.0,0.0
22,URLLC,6,Satellite_1,Satellite,0,0.0,0.0,0.0
22,URLLC,7,Satellite_2,Satellite,0,0.0,0.0,0.0
23,URLLC,0,6G_1,6G,0,0.0,0.0,0.0
23,URLLC,1,6G_2,6G,0,0.0,0.0,0.0
23,URLLC,2,WiFi_1,WiFi,0,0.0,0.0,0.0
23,URLLC,3,WiFi_2,WiFi,0,0.0,0.0,0.0
23,URLLC,4,WiFi_3,WiFi,1,38310766.57735281,20000000.0,20000000.0
23,URLLC,5,WiFi_4,WiFi,0,0.0,0.0,0.0
23,URLLC,6,Satellite_1,Satellite,0,0.0,0.0,0.0
23,URLLC,7,Satellite_2,Satellite,0,0.0,0.0,0.0
24,URLLC,0,6G_1,6G,1,41227768.248792924,40000000.0,40000000.0
24,URLLC,1,6G_2,6G,0,0.0,0.0,0.0
24,URLLC,2,WiFi_1,WiFi,0,0.0,0.0,0.0
24,URLLC,3,WiFi_2,WiFi,0,0.0,0.0,0.0
24,URLLC,4,WiFi_3,WiFi,0,0.0,0.0,0.0
24,URLLC,5,WiFi_4,WiFi,0,0.0,0.0,0.0
24,URLLC,6,Satellite_1,Satellite,0,0.0,0.0,0.0
24,URLLC,7,Satellite_2,Satellite,0,0.0,0.0,0.0
25,URLLC,0,6G_1,6G,0,0.0,0.0,0.0
25,URLLC,1,6G_2,6G,0,0.0,0.0,0.0
25,URLLC,2,WiFi_1,WiFi,0,0.0,0.0,0.0
25,URLLC,3,WiFi_2,WiFi,1,19313045.60013062,20000000.0,19313045.60013062
25,URLLC,4,WiFi_3,WiFi,0,0.0,0.0,0.0
25,URLLC,5,WiFi_4,WiFi,0,0.0,0.0,0.0
25,URLLC,6,Satellite_1,Satellite,0,0.0,0.0,0.0
25,URLLC,7,Satellite_2,Satellite,0,0.0,0.0,0.0
26,URLLC,0,6G_1,6G,0,0.0,0.0,0.0
26,URLLC,1,6G_2,6G,0,0.0,0.0,0.0
26,URLLC,2,WiFi_1,WiFi,0,0.0,0.0,0.0
26,URLLC,3,WiFi_2,WiFi,0,0.0,0.0,0.0
26,URLLC,4,WiFi_3,WiFi,0,0.0,0.0,0.0
26,URLLC,5,WiFi_4,WiFi,1,12053578.77907876,20000000.0,12053578.77907876
26,URLLC,6,Satellite_1,Satellite,0,0.0,0.0,0.0
26,URLLC,7,Satellite_2,Satellite,0,0.0,0.0,0.0
27,URLLC,0,6G_1,6G,0,0.0,0.0,0.0
27,URLLC,1,6G_2,6G,0,0.0,0.0,0.0
27,URLLC,2,WiFi_1,WiFi,0,0.0,0.0,0.0
27,URLLC,3,WiFi_2,WiFi,0,0.0,0.0,0.0
27,URLLC,4,WiFi_3,WiFi,1,43602128.08574875,20000000.0,20000000.0
27,URLLC,5,WiFi_4,WiFi,0,0.0,0.0,0.0
27,URLLC,6,Satellite_1,Satellite,0,0.0,0.0,0.0
27,URLLC,7,Satellite_2,Satellite,0,0.0,0.0,0.0
28,URLLC,0,6G_1,6G,0,0.0,0.0,0.0
28,URLLC,1,6G_2,6G,0,0.0,0.0,0.0
28,URLLC,2,WiFi_1,WiFi,0,0.0,0.0,0.0
28,URLLC,3,WiFi_2,WiFi,0,0.0,0.0,0.0
28,URLLC,4,WiFi_3,WiFi,0,0.0,0.0,0.0
28,URLLC,5,WiFi_4,WiFi,1,44126028.94955844,20000000.0,20000000.0
28,URLLC,6,Satellite_1,Satellite,0,0.0,0.0,0.0
28,URLLC,7,Satellite_2,Satellite,0,0.0,0.0,0.0
29,URLLC,0,6G_1,6G,0,0.0,0.0,0.0
29,URLLC,1,6G_2,6G,0,0.0,0.0,0.0
29,URLLC,2,WiFi_1,WiFi,1,55132278.80343346,20000000.0,20000000.0
29,URLLC,3,WiFi_2,WiFi,0,0.0,0.0,0.0
29,URLLC,4,WiFi_3,WiFi,0,0.0,0.0,0.0
29,URLLC,5,WiFi_4,WiFi,0,0.0,0.0,0.0
29,URLLC,6,Satellite_1,Satellite,0,0.0,0.0,0.0
29,URLLC,7,Satellite_2,Satellite,0,0.0,0.0,0.0
30,URLLC,0,6G_1,6G,0,0.0,0.0,0.0
30,URLLC,1,6G_2,6G,0,0.0,0.0,0.0
30,URLLC,2,WiFi_1,WiFi,0,0.0,0.0,0.0
30,URLLC,3,WiFi_2,WiFi,0,0.0,0.0,0.0
30,URLLC,4,WiFi_3,WiFi,0,0.0,0.0,0.0
30,URLLC,5,WiFi_4,WiFi,0,0.0,0.0,0.0
30,URLLC,6,Satellite_1,Satellite,0,0.0,0.0,0.0
30,URLLC,7,Satellite_2,Satellite,1,9226237.775219025,14411738.088085657,9226237.775219025
31,URLLC,0,6G_1,6G,0,0.0,0.0,0.0
31,URLLC,1,6G_2,6G,0,0.0,0.0,0.0
31,URLLC,2,WiFi_1,WiFi,0,0.0,0.0,0.0
31,URLLC,3,WiFi_2,WiFi,0,0.0,0.0,0.0
31,URLLC,4,WiFi_3,WiFi,0,0.0,0.0,0.0
31,URLLC,5,WiFi_4,WiFi,0,0.0,0.0,0.0
31,URLLC,6,Satellite_1,Satellite,1,609606.5044033207,14411738.088085657,609606.5044033207
31,URLLC,7,Satellite_2,Satellite,0,0.0,0.0,0.0
32,URLLC,0,6G_1,6G,0,0.0,0.0,0.0
32,URLLC,1,6G_2,6G,0,0.0,0.0,0.0
32,URLLC,2,WiFi_1,WiFi,0,0.0,0.0,0.0
32,URLLC,3,WiFi_2,WiFi,0,0.0,0.0,0.0
32,URLLC,4,WiFi_3,WiFi,0,0.0,0.0,0.0
32,URLLC,5,WiFi_4,WiFi,0,0.0,0.0,0.0
32,URLLC,6,Satellite_1,Satellite,0,0.0,0.0,0.0
32,URLLC,7,Satellite_2,Satellite,1,9001928.011625785,14411738.088085657,9001928.011625785
33,URLLC,0,6G_1,6G,0,0.0,0.0,0.0
33,URLLC,1,6G_2,6G,0,0.0,0.0,0.0
33,URLLC,2,WiFi_1,WiFi,0,0.0,0.0,0.0
33,URLLC,3,WiFi_2,WiFi,0,0.0,0.0,0.0
33,URLLC,4,WiFi_3,WiFi,0,0.0,0.0,0.0
33,URLLC,5,WiFi_4,WiFi,0,0.0,0.0,0.0
33,URLLC,6,Satellite_1,Satellite,1,1558116.1832452859,14411738.088085657,1558116.1832452859
33,URLLC,7,Satellite_2,Satellite,0,0.0,0.0,0.0
34,URLLC,0,6G_1,6G,0,0.0,0.0,0.0
34,URLLC,1,6G_2,6G,0,0.0,0.0,0.0
34,URLLC,2,WiFi_1,WiFi,0,0.0,0.0,0.0
34,URLLC,3,WiFi_2,WiFi,0,0.0,0.0,0.0
34,URLLC,4,WiFi_3,WiFi,0,0.0,0.0,0.0
34,URLLC,5,WiFi_4,WiFi,0,0.0,0.0,0.0
34,URLLC,6,Satellite_1,Satellite,1,7850762.211378292,14411738.088085657,7850762.211378292
34,URLLC,7,Satellite_2,Satellite,0,0.0,0.0,0.0
35,URLLC,0,6G_1,6G,0,0.0,0.0,0.0
35,URLLC,1,6G_2,6G,0,0.0,0.0,0.0
35,URLLC,2,WiFi_1,WiFi,0,0.0,0.0,0.0
35,URLLC,3,WiFi_2,WiFi,0,0.0,0.0,0.0
35,URLLC,4,WiFi_3,WiFi,0,0.0,0.0,0.0
35,URLLC,5,WiFi_4,WiFi,0,0.0,0.0,0.0
35,URLLC,6,Satellite_1,Satellite,0,0.0,0.0,0.0
35,URLLC,7,Satellite_2,Satellite,1,2690847.3265496762,14411738.088085657,2690847.3265496762
36,URLLC,0,6G_1,6G,0,0.0,0.0,0.0
36,URLLC,1,6G_2,6G,0,0.0,0.0,0.0
36,URLLC,2,WiFi_1,WiFi,0,0.0,0.0,0.0
36,URLLC,3,WiFi_2,WiFi,0,0.0,0.0,0.0
36,URLLC,4,WiFi_3,WiFi,0,0.0,0.0,0.0
36,URLLC,5,WiFi_4,WiFi,0,0.0,0.0,0.0
36,URLLC,6,Satellite_1,Satellite,0,0.0,0.0,0.0
36,URLLC,7,Satellite_2,Satellite,1,3762214.653994223,14411738.088085657,3762214.653994223
37,URLLC,0,6G_1,6G,0,0.0,0.0,0.0
37,URLLC,1,6G_2,6G,0,0.0,0.0,0.0
37,URLLC,2,WiFi_1,WiFi,0,0.0,0.0,0.0
37,URLLC,3,WiFi_2,WiFi,0,0.0,0.0,0.0
37,URLLC,4,WiFi_3,WiFi,0,0.0,0.0,0.0
37,URLLC,5,WiFi_4,WiFi,0,0.0,0.0,0.0
37,URLLC,6,Satellite_1,Satellite,1,10459921.332017854,14411738.088085657,10459921.332017854
37,URLLC,7,Satellite_2,Satellite,0,0.0,0.0,0.0
38,URLLC,0,6G_1,6G,0,0.0,0.0,0.0
38,URLLC,1,6G_2,6G,0,0.0,0.0,0.0
38,URLLC,2,WiFi_1,WiFi,0,0.0,0.0,0.0
38,URLLC,3,WiFi_2,WiFi,0,0.0,0.0,0.0
38,URLLC,4,WiFi_3,WiFi,0,0.0,0.0,0.0
38,URLLC,5,WiFi_4,WiFi,0,0.0,0.0,0.0
38,URLLC,6,Satellite_1,Satellite,0,0.0,0.0,0.0
38,URLLC,7,Satellite_2,Satellite,1,8904277.31854477,14411738.088085657,8904277.31854477
39,URLLC,0,6G_1,6G,0,0.0,0.0,0.0
39,URLLC,1,6G_2,6G,0,0.0,0.0,0.0
39,URLLC,2,WiFi_1,WiFi,0,0.0,0.0,0.0
39,URLLC,3,WiFi_2,WiFi,0,0.0,0.0,0.0
39,URLLC,4,WiFi_3,WiFi,0,0.0,0.0,0.0
39,URLLC,5,WiFi_4,WiFi,0,0.0,0.0,0.0
39,URLLC,6,Satellite_1,Satellite,0,0.0,0.0,0.0
39,URLLC,7,Satellite_2,Satellite,1,6585991.763359381,14411738.088085657,6585991.763359381
40,URLLC,0,6G_1,6G,0,0.0,0.0,0.0
40,URLLC,1,6G_2,6G,0,0.0,0.0,0.0
40,URLLC,2,WiFi_1,WiFi,0,0.0,0.0,0.0
40,URLLC,3,WiFi_2,WiFi,0,0.0,0.0,0.0
40,URLLC,4,WiFi_3,WiFi,0,0.0,0.0,0.0
40,URLLC,5,WiFi_4,WiFi,0,0.0,0.0,0.0
40,URLLC,6,Satellite_1,Satellite,1,6113621.923964946,14411738.088085657,6113621.923964946
40,URLLC,7,Satellite_2,Satellite,0,0.0,0.0,0.0
41,URLLC,0,6G_1,6G,0,0.0,0.0,0.0
41,URLLC,1,6G_2,6G,0,0.0,0.0,0.0
41,URLLC,2,WiFi_1,WiFi,0,0.0,0.0,0.0
41,URLLC,3,WiFi_2,WiFi,0,0.0,0.0,0.0
41,URLLC,4,WiFi_3,WiFi,0,0.0,0.0,0.0
41,URLLC,5,WiFi_4,WiFi,0,0.0,0.0,0.0
41,URLLC,6,Satellite_1,Satellite,0,0.0,0.0,0.0
41,URLLC,7,Satellite_2,Satellite,1,5503043.449000623,14411738.088085657,5503043.449000623
42,URLLC,0,6G_1,6G,0,0.0,0.0,0.0
42,URLLC,1,6G_2,6G,0,0.0,0.0,0.0
42,URLLC,2,WiFi_1,WiFi,0,0.0,0.0,0.0
42,URLLC,3,WiFi_2,WiFi,0,0.0,0.0,0.0
42,URLLC,4,WiFi_3,WiFi,0,0.0,0.0,0.0
42,URLLC,5,WiFi_4,WiFi,0,0.0,0.0,0.0
42,URLLC,6,Satellite_1,Satellite,1,1582669.6143324075,14411738.088085657,1582669.6143324075
42,URLLC,7,Satellite_2,Satellite,0,0.0,0.0,0.0
43,URLLC,0,6G_1,6G,0,0.0,0.0,0.0
43,URLLC,1,6G_2,6G,0,0.0,0.0,0.0
43,URLLC,2,WiFi_1,WiFi,0,0.0,0.0,0.0
43,URLLC,3,WiFi_2,WiFi,0,0.0,0.0,0.0
43,URLLC,4,WiFi_3,WiFi,0,0.0,0.0,0.0
43,URLLC,5,WiFi_4,WiFi,0,0.0,0.0,0.0
43,URLLC,6,Satellite_1,Satellite,0,0.0,0.0,0.0
43,URLLC,7,Satellite_2,Satellite,1,3024045.4201615457,14411738.088085657,3024045.4201615457
44,URLLC,0,6G_1,6G,0,0.0,0.0,0.0
44,URLLC,1,6G_2,6G,0,0.0,0.0,0.0
44,URLLC,2,WiFi_1,WiFi,0,0.0,0.0,0.0
44,URLLC,3,WiFi_2,WiFi,0,0.0,0.0,0.0
44,URLLC,4,WiFi_3,WiFi,0,0.0,0.0,0.0
44,URLLC,5,WiFi_4,WiFi,0,0.0,0.0,0.0
44,URLLC,6,Satellite_1,Satellite,1,8805285.079894472,14411738.088085657,8805285.079894472
44,URLLC,7,Satellite_2,Satellite,0,0.0,0.0,0.0
45,URLLC,0,6G_1,6G,0,0.0,0.0,0.0
45,URLLC,1,6G_2,6G,0,0.0,0.0,0.0
45,URLLC,2,WiFi_1,WiFi,0,0.0,0.0,0.0
45,URLLC,3,WiFi_2,WiFi,0,0.0,0.0,0.0
45,URLLC,4,WiFi_3,WiFi,0,0.0,0.0,0.0
45,URLLC,5,WiFi_4,WiFi,0,0.0,0.0,0.0
45,URLLC,6,Satellite_1,Satellite,0,0.0,0.0,0.0
45,URLLC,7,Satellite_2,Satellite,1,10675801.387995334,14411738.088085657,10675801.387995334
46,URLLC,0,6G_1,6G,0,0.0,0.0,0.0
46,URLLC,1,6G_2,6G,0,0.0,0.0,0.0
46,URLLC,2,WiFi_1,WiFi,0,0.0,0.0,0.0
46,URLLC,3,WiFi_2,WiFi,0,0.0,0.0,0.0
46,URLLC,4,WiFi_3,WiFi,0,0.0,0.0,0.0
46,URLLC,5,WiFi_4,WiFi,0,0.0,0.0,0.0
46,URLLC,6,Satellite_1,Satellite,0,0.0,0.0,0.0
46,URLLC,7,Satellite_2,Satellite,1,9488357.680291036,14411738.088085657,9488357.680291036
47,URLLC,0,6G_1,6G,0,0.0,0.0,0.0
47,URLLC,1,6G_2,6G,0,0.0,0.0,0.0
47,URLLC,2,WiFi_1,WiFi,0,0.0,0.0,0.0
47,URLLC,3,WiFi_2,WiFi,0,0.0,0.0,0.0
47,URLLC,4,WiFi_3,WiFi,0,0.0,0.0,0.0
47,URLLC,5,WiFi_4,WiFi,0,0.0,0.0,0.0
47,URLLC,6,Satellite_1,Satellite,0,0.0,0.0,0.0
47,URLLC,7,Satellite_2,Satellite,1,6796505.3372221785,14411738.088085657,6796505.3372221785
48,URLLC,0,6G_1,6G,0,0.0,0.0,0.0
48,URLLC,1,6G_2,6G,0,0.0,0.0,0.0
48,URLLC,2,WiFi_1,WiFi,0,0.0,0.0,0.0
48,URLLC,3,WiFi_2,WiFi,0,0.0,0.0,0.0
48,URLLC,4,WiFi_3,WiFi,0,0.0,0.0,0.0
48,URLLC,5,WiFi_4,WiFi,0,0.0,0.0,0.0
48,URLLC,6,Satellite_1,Satellite,1,2259904.0751265963,14411738.088085657,2259904.0751265963
48,URLLC,7,Satellite_2,Satellite,0,0.0,0.0,0.0
49,URLLC,0,6G_1,6G,0,0.0,0.0,0.0
49,URLLC,1,6G_2,6G,0,0.0,0.0,0.0
49,URLLC,2,WiFi_1,WiFi,0,0.0,0.0,0.0
49,URLLC,3,WiFi_2,WiFi,0,0.0,0.0,0.0
49,URLLC,4,WiFi_3,WiFi,0,0.0,0.0,0.0
49,URLLC,5,WiFi_4,WiFi,0,0.0,0.0,0.0
49,URLLC,6,Satellite_1,Satellite,0,0.0,0.0,0.0
49,URLLC,7,Satellite_2,Satellite,1,7997887.757423639,14411738.088085657,7997887.757423639
50,URLLC,0,6G_1,6G,0,0.0,0.0,0.0
50,URLLC,1,6G_2,6G,0,0.0,0.0,0.0
50,URLLC,2,WiFi_1,WiFi,0,0.0,0.0,0.0
50,URLLC,3,WiFi_2,WiFi,0,0.0,0.0,0.0
50,URLLC,4,WiFi_3,WiFi,0,0.0,0.0,0.0
50,URLLC,5,WiFi_4,WiFi,0,0.0,0.0,0.0
50,URLLC,6,Satellite_1,Satellite,0,0.0,0.0,0.0
50,URLLC,7,Satellite_2,Satellite,1,3153216.708083677,14411738.088085657,3153216.708083677
51,URLLC,0,6G_1,6G,0,0.0,0.0,0.0
51,URLLC,1,6G_2,6G,0,0.0,0.0,0.0
51,URLLC,2,WiFi_1,WiFi,0,0.0,0.0,0.0
51,URLLC,3,WiFi_2,WiFi,0,0.0,0.0,0.0
51,URLLC,4,WiFi_3,WiFi,0,0.0,0.0,0.0
51,URLLC,5,WiFi_4,WiFi,0,0.0,0.0,0.0
51,URLLC,6,Satellite_1,Satellite,1,8246947.107558419,14411738.088085657,8246947.107558419
51,URLLC,7,Satellite_2,Satellite,0,0.0,0.0,0.0
52,URLLC,0,6G_1,6G,0,0.0,0.0,0.0
52,URLLC,1,6G_2,6G,0,0.0,0.0,0.0
52,URLLC,2,WiFi_1,WiFi,0,0.0,0.0,0.0
52,URLLC,3,WiFi_2,WiFi,0,0.0,0.0,0.0
52,URLLC,4,WiFi_3,WiFi,0,0.0,0.0,0.0
52,URLLC,5,WiFi_4,WiFi,0,0.0,0.0,0.0
52,URLLC,6,Satellite_1,Satellite,1,4253400.737361087,14411738.088085657,4253400.737361087
52,URLLC,7,Satellite_2,Satellite,0,0.0,0.0,0.0
53,URLLC,0,6G_1,6G,0,0.0,0.0,0.0
53,URLLC,1,6G_2,6G,0,0.0,0.0,0.0
53,URLLC,2,WiFi_1,WiFi,0,0.0,0.0,0.0
53,URLLC,3,WiFi_2,WiFi,0,0.0,0.0,0.0
53,URLLC,4,WiFi_3,WiFi,0,0.0,0.0,0.0
53,URLLC,5,WiFi_4,WiFi,0,0.0,0.0,0.0
53,URLLC,6,Satellite_1,Satellite,1,6745793.275902791,14411738.088085657,6745793.275902791
53,URLLC,7,Satellite_2,Satellite,0,0.0,0.0,0.0
54,URLLC,0,6G_1,6G,0,0.0,0.0,0.0
54,URLLC,1,6G_2,6G,0,0.0,0.0,0.0
54,URLLC,2,WiFi_1,WiFi,0,0.0,0.0,0.0
54,URLLC,3,WiFi_2,WiFi,0,0.0,0.0,0.0
54,URLLC,4,WiFi_3,WiFi,0,0.0,0.0,0.0
54,URLLC,5,WiFi_4,WiFi,0,0.0,0.0,0.0
54,URLLC,6,Satellite_1,Satellite,1,6965931.082473382,14411738.088085657,6965931.082473382
54,URLLC,7,Satellite_2,Satellite,0,0.0,0.0,0.0
55,URLLC,0,6G_1,6G,0,0.0,0.0,0.0
55,URLLC,1,6G_2,6G,0,0.0,0.0,0.0
55,URLLC,2,WiFi_1,WiFi,0,0.0,0.0,0.0
55,URLLC,3,WiFi_2,WiFi,0,0.0,0.0,0.0
55,URLLC,4,WiFi_3,WiFi,0,0.0,0.0,0.0
55,URLLC,5,WiFi_4,WiFi,0,0.0,0.0,0.0
55,URLLC,6,Satellite_1,Satellite,1,7872175.418762891,14411738.088085657,7872175.418762891
55,URLLC,7,Satellite_2,Satellite,0,0.0,0.0,0.0
56,URLLC,0,6G_1,6G,0,0.0,0.0,0.0
56,URLLC,1,6G_2,6G,0,0.0,0.0,0.0
56,URLLC,2,WiFi_1,WiFi,0,0.0,0.0,0.0
56,URLLC,3,WiFi_2,WiFi,0,0.0,0.0,0.0
56,URLLC,4,WiFi_3,WiFi,0,0.0,0.0,0.0
56,URLLC,5,WiFi_4,WiFi,0,0.0,0.0,0.0
56,URLLC,6,Satellite_1,Satellite,0,0.0,0.0,0.0
56,URLLC,7,Satellite_2,Satellite,1,2872055.036987053,14411738.088085657,2872055.036987053
57,URLLC,0,6G_1,6G,0,0.0,0.0,0.0
57,URLLC,1,6G_2,6G,0,0.0,0.0,0.0
57,URLLC,2,WiFi_1,WiFi,0,0.0,0.0,0.0
57,URLLC,3,WiFi_2,WiFi,0,0.0,0.0,0.0
57,URLLC,4,WiFi_3,WiFi,0,0.0,0.0,0.0
57,URLLC,5,WiFi_4,WiFi,0,0.0,0.0,0.0
57,URLLC,6,Satellite_1,Satellite,1,9181106.912386546,14411738.088085657,9181106.912386546
57,URLLC,7,Satellite_2,Satellite,0,0.0,0.0,0.0
58,URLLC,0,6G_1,6G,0,0.0,0.0,0.0
58,URLLC,1,6G_2,6G,0,0.0,0.0,0.0
58,URLLC,2,WiFi_1,WiFi,0,0.0,0.0,0.0
58,URLLC,3,WiFi_2,WiFi,0,0.0,0.0,0.0
58,URLLC,4,WiFi_3,WiFi,0,0.0,0.0,0.0
58,URLLC,5,WiFi_4,WiFi,0,0.0,0.0,0.0
58,URLLC,6,Satellite_1,Satellite,1,5955610.135870182,14411738.088085657,5955610.135870182
58,URLLC,7,Satellite_2,Satellite,0,0.0,0.0,0.0
59,URLLC,0,6G_1,6G,0,0.0,0.0,0.0
59,URLLC,1,6G_2,6G,0,0.0,0.0,0.0
59,URLLC,2,WiFi_1,WiFi,0,0.0,0.0,0.0
59,URLLC,3,WiFi_2,WiFi,0,0.0,0.0,0.0
59,URLLC,4,WiFi_3,WiFi,0,0.0,0.0,0.0
59,URLLC,5,WiFi_4,WiFi,0,0.0,0.0,0.0
59,URLLC,6,Satellite_1,Satellite,0,0.0,0.0,0.0
59,URLLC,7,Satellite_2,Satellite,1,5128829.525273101,14411738.088085657,5128829.525273101
60,URLLC,0,6G_1,6G,0,0.0,0.0,0.0
60,URLLC,1,6G_2,6G,1,62468152.71686172,40000000.0,40000000.0
60,URLLC,2,WiFi_1,WiFi,0,0.0,0.0,0.0
60,URLLC,3,WiFi_2,WiFi,0,0.0,0.0,0.0
60,URLLC,4,WiFi_3,WiFi,0,0.0,0.0,0.0
60,URLLC,5,WiFi_4,WiFi,0,0.0,0.0,0.0
60,URLLC,6,Satellite_1,Satellite,0,0.0,0.0,0.0
60,URLLC,7,Satellite_2,Satellite,0,0.0,0.0,0.0
61,URLLC,0,6G_1,6G,0,0.0,0.0,0.0
61,URLLC,1,6G_2,6G,1,33097407.362711027,40000000.0,33097407.362711027
61,URLLC,2,WiFi_1,WiFi,0,0.0,0.0,0.0
61,URLLC,3,WiFi_2,WiFi,0,0.0,0.0,0.0
61,URLLC,4,WiFi_3,WiFi,0,0.0,0.0,0.0
61,URLLC,5,WiFi_4,WiFi,0,0.0,0.0,0.0
61,URLLC,6,Satellite_1,Satellite,0,0.0,0.0,0.0
61,URLLC,7,Satellite_2,Satellite,0,0.0,0.0,0.0
62,URLLC,0,6G_1,6G,1,37644100.666402794,40000000.0,37644100.666402794
62,URLLC,1,6G_2,6G,0,0.0,0.0,0.0
62,URLLC,2,WiFi_1,WiFi,0,0.0,0.0,0.0
62,URLLC,3,WiFi_2,WiFi,0,0.0,0.0,0.0
62,URLLC,4,WiFi_3,WiFi,0,0.0,0.0,0.0
62,URLLC,5,WiFi_4,WiFi,0,0.0,0.0,0.0
62,URLLC,6,Satellite_1,Satellite,0,0.0,0.0,0.0
62,URLLC,7,Satellite_2,Satellite,0,0.0,0.0,0.0
63,URLLC,0,6G_1,6G,0,0.0,0.0,0.0
63,URLLC,1,6G_2,6G,0,0.0,0.0,0.0
63,URLLC,2,WiFi_1,WiFi,0,0.0,0.0,0.0
63,URLLC,3,WiFi_2,WiFi,0,0.0,0.0,0.0
63,URLLC,4,WiFi_3,WiFi,0,0.0,0.0,0.0
63,URLLC,5,WiFi_4,WiFi,0,0.0,0.0,0.0
63,URLLC,6,Satellite_1,Satellite,1,3337594.2578214984,14411738.088085657,3337594.2578214984
63,URLLC,7,Satellite_2,Satellite,0,0.0,0.0,0.0
64,URLLC,0,6G_1,6G,0,0.0,0.0,0.0
64,URLLC,1,6G_2,6G,0,0.0,0.0,0.0
64,URLLC,2,WiFi_1,WiFi,0,0.0,0.0,0.0
64,URLLC,3,WiFi_2,WiFi,1,47443235.80628586,20000000.0,20000000.0
64,URLLC,4,WiFi_3,WiFi,0,0.0,0.0,0.0
64,URLLC,5,WiFi_4,WiFi,0,0.0,0.0,0.0
64,URLLC,6,Satellite_1,Satellite,0,0.0,0.0,0.0
64,URLLC,7,Satellite_2,Satellite,0,0.0,0.0,0.0
65,URLLC,0,6G_1,6G,0,0.0,0.0,0.0
65,URLLC,1,6G_2,6G,0,0.0,0.0,0.0
65,URLLC,2,WiFi_1,WiFi,0,0.0,0.0,0.0
65,URLLC,3,WiFi_2,WiFi,1,40920320.205298334,20000000.0,20000000.0
65,URLLC,4,WiFi_3,WiFi,0,0.0,0.0,0.0
65,URLLC,5,WiFi_4,WiFi,0,0.0,0.0,0.0
65,URLLC,6,Satellite_1,Satellite,0,0.0,0.0,0.0
65,URLLC,7,Satellite_2,Satellite,0,0.0,0.0,0.0
66,URLLC,0,6G_1,6G,0,0.0,0.0,0.0
66,URLLC,1,6G_2,6G,0,0.0,0.0,0.0
66,URLLC,2,WiFi_1,WiFi,1,1155828.219094858,20000000.0,1155828.219094858
66,URLLC,3,WiFi_2,WiFi,0,0.0,0.0,0.0
66,URLLC,4,WiFi_3,WiFi,0,0.0,0.0,0.0
66,URLLC,5,WiFi_4,WiFi,0,0.0,0.0,0.0
66,URLLC,6,Satellite_1,Satellite,0,0.0,0.0,0.0
66,URLLC,7,Satellite_2,Satellite,0,0.0,0.0,0.0
67,URLLC,0,6G_1,6G,1,103725592.41974406,40000000.0,40000000.0
67,URLLC,1,6G_2,6G,0,0.0,0.0,0.0
67,URLLC,2,WiFi_1,WiFi,0,0.0,0.0,0.0
67,URLLC,3,WiFi_2,WiFi,0,0.0,0.0,0.0
67,URLLC,4,WiFi_3,WiFi,0,0.0,0.0,0.0
67,URLLC,5,WiFi_4,WiFi,0,0.0,0.0,0.0
67,URLLC,6,Satellite_1,Satellite,0,0.0,0.0,0.0
67,URLLC,7,Satellite_2,Satellite,0,0.0,0.0,0.0
68,URLLC,0,6G_1,6G,1,79708492.84001432,40000000.0,40000000.0
68,URLLC,1,6G_2,6G,0,0.0,0.0,0.0
68,URLLC,2,WiFi_1,WiFi,0,0.0,0.0,0.0
68,URLLC,3,WiFi_2,WiFi,0,0.0,0.0,0.0
68,URLLC,4,WiFi_3,WiFi,0,0.0,0.0,0.0
68,URLLC,5,WiFi_4,WiFi,0,0.0,0.0,0.0
68,URLLC,6,Satellite_1,Satellite,0,0.0,0.0,0.0
68,URLLC,7,Satellite_2,Satellite,0,0.0,0.0,0.0
69,URLLC,0,6G_1,6G,0,0.0,0.0,0.0
69,URLLC,1,6G_2,6G,0,0.0,0.0,0.0
69,URLLC,2,WiFi_1,WiFi,0,0.0,0.0,0.0
69,URLLC,3,WiFi_2,WiFi,1,51316436.662959784,20000000.0,20000000.0
69,URLLC,4,WiFi_3,WiFi,0,0.0,0.0,0.0
69,URLLC,5,WiFi_4,WiFi,0,0.0,0.0,0.0
69,URLLC,6,Satellite_1,Satellite,0,0.0,0.0,0.0
69,URLLC,7,Satellite_2,Satellite,0,0.0,0.0,0.0
70,URLLC,0,6G_1,6G,0,0.0,0.0,0.0
70,URLLC,1,6G_2,6G,0,0.0,0.0,0.0
70,URLLC,2,WiFi_1,WiFi,0,0.0,0.0,0.0
70,URLLC,3,WiFi_2,WiFi,0,0.0,0.0,0.0
70,URLLC,4,WiFi_3,WiFi,0,0.0,0.0,0.0
70,URLLC,5,WiFi_4,WiFi,1,46380600.09313737,20000000.0,20000000.0
70,URLLC,6,Satellite_1,Satellite,0,0.0,0.0,0.0
70,URLLC,7,Satellite_2,Satellite,0,0.0,0.0,0.0
71,URLLC,0,6G_1,6G,1,76275000.93747094,40000000.0,40000000.0
71,URLLC,1,6G_2,6G,0,0.0,0.0,0.0
71,URLLC,2,WiFi_1,WiFi,0,0.0,0.0,0.0
71,URLLC,3,WiFi_2,WiFi,0,0.0,0.0,0.0
71,URLLC,4,WiFi_3,WiFi,0,0.0,0.0,0.0
71,URLLC,5,WiFi_4,WiFi,0,0.0,0.0,0.0
71,URLLC,6,Satellite_1,Satellite,0,0.0,0.0,0.0
71,URLLC,7,Satellite_2,Satellite,0,0.0,0.0,0.0
72,URLLC,0,6G_1,6G,1,33059074.575104438,40000000.0,33059074.575104438
72,URLLC,1,6G_2,6G,0,0.0,0.0,0.0
72,URLLC,2,WiFi_1,WiFi,0,0.0,0.0,0.0
72,URLLC,3,WiFi_2,WiFi,0,0.0,0.0,0.0
72,URLLC,4,WiFi_3,WiFi,0,0.0,0.0,0.0
72,URLLC,5,WiFi_4,WiFi,0,0.0,0.0,0.0
72,URLLC,6,Satellite_1,Satellite,0,0.0,0.0,0.0
72,URLLC,7,Satellite_2,Satellite,0,0.0,0.0,0.0
73,URLLC,0,6G_1,6G,1,40748107.440693386,40000000.0,40000000.0
73,URLLC,1,6G_2,6G,0,0.0,0.0,0.0
73,URLLC,2,WiFi_1,WiFi,0,0.0,0.0,0.0
73,URLLC,3,WiFi_2,WiFi,0,0.0,0.0,0.0
73,URLLC,4,WiFi_3,WiFi,0,0.0,0.0,0.0
73,URLLC,5,WiFi_4,WiFi,0,0.0,0.0,0.0
73,URLLC,6,Satellite_1,Satellite,0,0.0,0.0,0.0
73,URLLC,7,Satellite_2,Satellite,0,0.0,0.0,0.0
74,URLLC,0,6G_1,6G,0,0.0,0.0,0.0
74,URLLC,1,6G_2,6G,1,34254383.28141975,40000000.0,34254383.28141975
74,URLLC,2,WiFi_1,WiFi,0,0.0,0.0,0.0
74,URLLC,3,WiFi_2,WiFi,0,0.0,0.0,0.0
74,URLLC,4,WiFi_3,WiFi,0,0.0,0.0,0.0
74,URLLC,5,WiFi_4,WiFi,0,0.0,0.0,0.0
74,URLLC,6,Satellite_1,Satellite,0,0.0,0.0,0.0
74,URLLC,7,Satellite_2,Satellite,0,0.0,0.0,0.0
75,URLLC,0,6G_1,6G,0,0.0,0.0,0.0
75,URLLC,1,6G_2,6G,1,35226057.949280165,40000000.0,35226057.949280165
75,URLLC,2,WiFi_1,WiFi,0,0.0,0.0,0.0
75,URLLC,3,WiFi_2,WiFi,0,0.0,0.0,0.0
75,URLLC,4,WiFi_3,WiFi,0,0.0,0.0,0.0
75,URLLC,5,WiFi_4,WiFi,0,0.0,0.0,0.0
75,URLLC,6,Satellite_1,Satellite,0,0.0,0.0,0.0
75,URLLC,7,Satellite_2,Satellite,0,0.0,0.0,0.0
76,URLLC,0,6G_1,6G,1,34195072.58774913,40000000.0,34195072.58774913
76,URLLC,1,6G_2,6G,0,0.0,0.0,0.0
76,URLLC,2,WiFi_1,WiFi,0,0.0,0.0,0.0
76,URLLC,3,WiFi_2,WiFi,0,0.0,0.0,0.0
76,URLLC,4,WiFi_3,WiFi,0,0.0,0.0,0.0
76,URLLC,5,WiFi_4,WiFi,0,0.0,0.0,0.0
76,URLLC,6,Satellite_1,Satellite,0,0.0,0.0,0.0
76,URLLC,7,Satellite_2,Satellite,0,0.0,0.0,0.0
77,URLLC,0,6G_1,6G,1,81833187.32622321,40000000.0,40000000.0
77,URLLC,1,6G_2,6G,0,0.0,0.0,0.0
77,URLLC,2,WiFi_1,WiFi,0,0.0,0.0,0.0
77,URLLC,3,WiFi_2,WiFi,0,0.0,0.0,0.0
77,URLLC,4,WiFi_3,WiFi,0,0.0,0.0,0.0
77,URLLC,5,WiFi_4,WiFi,0,0.0,0.0,0.0
77,URLLC,6,Satellite_1,Satellite,0,0.0,0.0,0.0
77,URLLC,7,Satellite_2,Satellite,0,0.0,0.0,0.0
78,URLLC,0,6G_1,6G,0,0.0,0.0,0.0
78,URLLC,1,6G_2,6G,0,0.0,0.0,0.0
78,URLLC,2,WiFi_1,WiFi,0,0.0,0.0,0.0
78,URLLC,3,WiFi_2,WiFi,1,13588361.273354467,20000000.0,13588361.273354467
78,URLLC,4,WiFi_3,WiFi,0,0.0,0.0,0.0
78,URLLC,5,WiFi_4,WiFi,0,0.0,0.0,0.0
78,URLLC,6,Satellite_1,Satellite,0,0.0,0.0,0.0
78,URLLC,7,Satellite_2,Satellite,0,0.0,0.0,0.0
79,URLLC,0,6G_1,6G,0,0.0,0.0,0.0
79,URLLC,1,6G_2,6G,0,0.0,0.0,0.0
79,URLLC,2,WiFi_1,WiFi,0,0.0,0.0,0.0
79,URLLC,3,WiFi_2,WiFi,0,0.0,0.0,0.0
79,URLLC,4,WiFi_3,WiFi,1,32591282.204250522,20000000.0,20000000.0
79,URLLC,5,WiFi_4,WiFi,0,0.0,0.0,0.0
79,URLLC,6,Satellite_1,Satellite,0,0.0,0.0,0.0
79,URLLC,7,Satellite_2,Satellite,0,0.0,0.0,0.0
80,URLLC,0,6G_1,6G,0,0.0,0.0,0.0
80,URLLC,1,6G_2,6G,0,0.0,0.0,0.0
80,URLLC,2,WiFi_1,WiFi,0,0.0,0.0,0.0
80,URLLC,3,WiFi_2,WiFi,1,18991609.238890037,20000000.0,18991609.238890037
80,URLLC,4,WiFi_3,WiFi,0,0.0,0.0,0.0
80,URLLC,5,WiFi_4,WiFi,0,0.0,0.0,0.0
80,URLLC,6,Satellite_1,Satellite,0,0.0,0.0,0.0
80,URLLC,7,Satellite_2,Satellite,0,0.0,0.0,0.0
81,URLLC,0,6G_1,6G,0,0.0,0.0,0.0
81,URLLC,1,6G_2,6G,1,54714191.38779145,40000000.0,40000000.0
81,URLLC,2,WiFi_1,WiFi,0,0.0,0.0,0.0
81,URLLC,3,WiFi_2,WiFi,0,0.0,0.0,0.0
81,URLLC,4,WiFi_3,WiFi,0,0.0,0.0,0.0
81,URLLC,5,WiFi_4,WiFi,0,0.0,0.0,0.0
81,URLLC,6,Satellite_1,Satellite,0,0.0,0.0,0.0
81,URLLC,7,Satellite_2,Satellite,0,0.0,0.0,0.0
82,URLLC,0,6G_1,6G,0,0.0,0.0,0.0
82,URLLC,1,6G_2,6G,1,64613297.06838532,40000000.0,40000000.0
82,URLLC,2,WiFi_1,WiFi,0,0.0,0.0,0.0
82,URLLC,3,WiFi_2,WiFi,0,0.0,0.0,0.0
82,URLLC,4,WiFi_3,WiFi,0,0.0,0.0,0.0
82,URLLC,5,WiFi_4,WiFi,0,0.0,0.0,0.0
82,URLLC,6,Satellite_1,Satellite,0,0.0,0.0,0.0
82,URLLC,7,Satellite_2,Satellite,0,0.0,0.0,0.0
83,URLLC,0,6G_1,6G,0,0.0,0.0,0.0
83,URLLC,1,6G_2,6G,1,60434334.55092781,40000000.0,40000000.0
83,URLLC,2,WiFi_1,WiFi,0,0.0,0.0,0.0
83,URLLC,3,WiFi_2,WiFi,0,0.0,0.0,0.0
83,URLLC,4,WiFi_3,WiFi,0,0.0,0.0,0.0
83,URLLC,5,WiFi_4,WiFi,0,0.0,0.0,0.0
83,URLLC,6,Satellite_1,Satellite,0,0.0,0.0,0.0
83,URLLC,7,Satellite_2,Satellite,0,0.0,0.0,0.0
84,URLLC,0,6G_1,6G,0,0.0,0.0,0.0
84,URLLC,1,6G_2,6G,0,0.0,0.0,0.0
84,URLLC,2,WiFi_1,WiFi,0,0.0,0.0,0.0
84,URLLC,3,WiFi_2,WiFi,0,0.0,0.0,0.0
84,URLLC,4,WiFi_3,WiFi,0,0.0,0.0,0.0
84,URLLC,5,WiFi_4,WiFi,1,16163006.78261904,20000000.0,16163006.78261904
84,URLLC,6,Satellite_1,Satellite,0,0.0,0.0,0.0
84,URLLC,7,Satellite_2,Satellite,0,0.0,0.0,0.0
85,URLLC,0,6G_1,6G,0,0.0,0.0,0.0
85,URLLC,1,6G_2,6G,0,0.0,0.0,0.0
85,URLLC,2,WiFi_1,WiFi,0,0.0,0.0,0.0
85,URLLC,3,WiFi_2,WiFi,0,0.0,0.0,0.0
85,URLLC,4,WiFi_3,WiFi,0,0.0,0.0,0.0
85,URLLC,5,WiFi_4,WiFi,1,13846035.490155034,20000000.0,13846035.490155034
85,URLLC,6,Satellite_1,Satellite,0,0.0,0.0,0.0
85,URLLC,7,Satellite_2,Satellite,0,0.0,0.0,0.0
86,URLLC,0,6G_1,6G,0,0.0,0.0,0.0
86,URLLC,1,6G_2,6G,0,0.0,0.0,0.0
86,URLLC,2,WiFi_1,WiFi,0,0.0,0.0,0.0
86,URLLC,3,WiFi_2,WiFi,0,0.0,0.0,0.0
86,URLLC,4,WiFi_3,WiFi,1,43400984.938893326,20000000.0,20000000.0
86,URLLC,5,WiFi_4,WiFi,0,0.0,0.0,0.0
86,URLLC,6,Satellite_1,Satellite,0,0.0,0.0,0.0
86,URLLC,7,Satellite_2,Satellite,0,0.0,0.0,0.0
87,URLLC,0,6G_1,6G,0,0.0,0.0,0.0
87,URLLC,1,6G_2,6G,0,0.0,0.0,0.0
87,URLLC,2,WiFi_1,WiFi,0,0.0,0.0,0.0
87,URLLC,3,WiFi_2,WiFi,0,0.0,0.0,0.0
87,URLLC,4,WiFi_3,WiFi,0,0.0,0.0,0.0
87,URLLC,5,WiFi_4,WiFi,1,10963899.387584554,20000000.0,10963899.387584554
87,URLLC,6,Satellite_1,Satellite,0,0.0,0.0,0.0
87,URLLC,7,Satellite_2,Satellite,0,0.0,0.0,0.0
88,URLLC,0,6G_1,6G,1,74653727.57211578,40000000.0,40000000.0
88,URLLC,1,6G_2,6G,0,0.0,0.0,0.0
88,URLLC,2,WiFi_1,WiFi,0,0.0,0.0,0.0
88,URLLC,3,WiFi_2,WiFi,0,0.0,0.0,0.0
88,URLLC,4,WiFi_3,WiFi,0,0.0,0.0,0.0
88,URLLC,5,WiFi_4,WiFi,0,0.0,0.0,0.0
88,URLLC,6,Satellite_1,Satellite,0,0.0,0.0,0.0
88,URLLC,7,Satellite_2,Satellite,0,0.0,0.0,0.0
89,URLLC,0,6G_1,6G,0,0.0,0.0,0.0
89,URLLC,1,6G_2,6G,0,0.0,0.0,0.0
89,URLLC,2,WiFi_1,WiFi,0,0.0,0.0,0.0
89,URLLC,3,WiFi_2,WiFi,0,0.0,0.0,0.0
89,URLLC,4,WiFi_3,WiFi,0,0.0,0.0,0.0
89,URLLC,5,WiFi_4,WiFi,1,57761393.357793994,20000000.0,20000000.0
89,URLLC,6,Satellite_1,Satellite,0,0.0,0.0,0.0
89,URLLC,7,Satellite_2,Satellite,0,0.0,0.0,0.0
90,eMBB,0,6G_1,6G,1,32377323.85316308,40000000.0,32377323.85316308
90,eMBB,1,6G_2,6G,0,0.0,0.0,0.0
90,eMBB,2,WiFi_1,WiFi,1,3872142.241380366,20000000.0,3872142.241380366
90,eMBB,3,WiFi_2,WiFi,0,0.0,0.0,0.0
90,eMBB,4,WiFi_3,WiFi,0,0.0,0.0,0.0
90,eMBB,5,WiFi_4,WiFi,0,0.0,0.0,0.0
90,eMBB,6,Satellite_1,Satellite,0,0.0,0.0,0.0
90,eMBB,7,Satellite_2,Satellite,0,0.0,0.0,0.0
91,eMBB,0,6G_1,6G,1,40000000.0,40000000.0,40000000.0
91,eMBB,1,6G_2,6G,0,0.0,0.0,0.0
91,eMBB,2,WiFi_1,WiFi,0,0.0,0.0,0.0
91,eMBB,3,WiFi_2,WiFi,0,0.0,0.0,0.0
91,eMBB,4,WiFi_3,WiFi,0,0.0,0.0,0.0
91,eMBB,5,WiFi_4,WiFi,1,20000000.0,20000000.0,20000000.0
91,eMBB,6,Satellite_1,Satellite,0,0.0,0.0,0.0
91,eMBB,7,Satellite_2,Satellite,0,0.0,0.0,0.0
92,eMBB,0,6G_1,6G,0,0.0,0.0,0.0
92,eMBB,1,6G_2,6G,1,27446110.128960427,40000000.0,27446110.128960427
92,eMBB,2,WiFi_1,WiFi,0,0.0,0.0,0.0
92,eMBB,3,WiFi_2,WiFi,1,6599920.584974002,20000000.0,6599920.584974002
92,eMBB,4,WiFi_3,WiFi,0,0.0,0.0,0.0
92,eMBB,5,WiFi_4,WiFi,0,0.0,0.0,0.0
92,eMBB,6,Satellite_1,Satellite,0,0.0,0.0,0.0
92,eMBB,7,Satellite_2,Satellite,0,0.0,0.0,0.0
93,eMBB,0,6G_1,6G,0,0.0,0.0,0.0
93,eMBB,1,6G_2,6G,1,40000000.0,40000000.0,40000000.0
93,eMBB,2,WiFi_1,WiFi,0,0.0,0.0,0.0
93,eMBB,3,WiFi_2,WiFi,1,20000000.0,20000000.0,20000000.0
93,eMBB,4,WiFi_3,WiFi,0,0.0,0.0,0.0
93,eMBB,5,WiFi_4,WiFi,0,0.0,0.0,0.0
93,eMBB,6,Satellite_1,Satellite,0,0.0,0.0,0.0
93,eMBB,7,Satellite_2,Satellite,0,0.0,0.0,0.0
94,eMBB,0,6G_1,6G,1,40000000.0,40000000.0,40000000.0
94,eMBB,1,6G_2,6G,0,0.0,0.0,0.0
94,eMBB,2,WiFi_1,WiFi,1,20000000.0,20000000.0,20000000.0
94,eMBB,3,WiFi_2,WiFi,0,0.0,0.0,0.0
94,eMBB,4,WiFi_3,WiFi,0,0.0,0.0,0.0
94,eMBB,5,WiFi_4,WiFi,0,0.0,0.0,0.0
94,eMBB,6,Satellite_1,Satellite,0,0.0,0.0,0.0
94,eMBB,7,Satellite_2,Satellite,0,0.0,0.0,0.0
95,eMBB,0,6G_1,6G,1,40000000.0,40000000.0,40000000.0
95,eMBB,1,6G_2,6G,0,0.0,0.0,0.0
95,eMBB,2,WiFi_1,WiFi,0,0.0,0.0,0.0
95,eMBB,3,WiFi_2,WiFi,0,0.0,0.0,0.0
95,eMBB,4,WiFi_3,WiFi,1,20000000.0,20000000.0,20000000.0
95,eMBB,5,WiFi_4,WiFi,0,0.0,0.0,0.0
95,eMBB,6,Satellite_1,Satellite,0,0.0,0.0,0.0
95,eMBB,7,Satellite_2,Satellite,0,0.0,0.0,0.0
96,eMBB,0,6G_1,6G,1,40000000.0,40000000.0,40000000.0
96,eMBB,1,6G_2,6G,0,0.0,0.0,0.0
96,eMBB,2,WiFi_1,WiFi,1,20000000.0,20000000.0,20000000.0
96,eMBB,3,WiFi_2,WiFi,0,0.0,0.0,0.0
96,eMBB,4,WiFi_3,WiFi,0,0.0,0.0,0.0
96,eMBB,5,WiFi_4,WiFi,0,0.0,0.0,0.0
96,eMBB,6,Satellite_1,Satellite,0,0.0,0.0,0.0
96,eMBB,7,Satellite_2,Satellite,0,0.0,0.0,0.0
97,eMBB,0,6G_1,6G,0,0.0,0.0,0.0
97,eMBB,1,6G_2,6G,1,40000000.0,40000000.0,40000000.0
97,eMBB,2,WiFi_1,WiFi,0,0.0,0.0,0.0
97,eMBB,3,WiFi_2,WiFi,1,10038689.937611457,20000000.0,10038689.937611457
97,eMBB,4,WiFi_3,WiFi,0,0.0,0.0,0.0
97,eMBB,5,WiFi_4,WiFi,0,0.0,0.0,0.0
97,eMBB,6,Satellite_1,Satellite,0,0.0,0.0,0.0
97,eMBB,7,Satellite_2,Satellite,0,0.0,0.0,0.0
98,eMBB,0,6G_1,6G,1,40000000.0,40000000.0,40000000.0
98,eMBB,1,6G_2,6G,0,0.0,0.0,0.0
98,eMBB,2,WiFi_1,WiFi,0,0.0,0.0,0.0
98,eMBB,3,WiFi_2,WiFi,0,0.0,0.0,0.0
98,eMBB,4,WiFi_3,WiFi,1,20000000.0,20000000.0,20000000.0
98,eMBB,5,WiFi_4,WiFi,0,0.0,0.0,0.0
98,eMBB,6,Satellite_1,Satellite,0,0.0,0.0,0.0
98,eMBB,7,Satellite_2,Satellite,0,0.0,0.0,0.0
99,eMBB,0,6G_1,6G,1,40000000.0,40000000.0,40000000.0
99,eMBB,1,6G_2,6G,0,0.0,0.0,0.0
99,eMBB,2,WiFi_1,WiFi,0,0.0,0.0,0.0
99,eMBB,3,WiFi_2,WiFi,1,20000000.0,20000000.0,20000000.0
99,eMBB,4,WiFi_3,WiFi,0,0.0,0.0,0.0
99,eMBB,5,WiFi_4,WiFi,0,0.0,0.0,0.0
99,eMBB,6,Satellite_1,Satellite,0,0.0,0.0,0.0
99,eMBB,7,Satellite_2,Satellite,0,0.0,0.0,0.0
100,eMBB,0,6G_1,6G,0,0.0,0.0,0.0
100,eMBB,1,6G_2,6G,1,31956207.684939183,40000000.0,31956207.684939183
100,eMBB,2,WiFi_1,WiFi,0,0.0,0.0,0.0
100,eMBB,3,WiFi_2,WiFi,0,0.0,0.0,0.0
100,eMBB,4,WiFi_3,WiFi,1,20000000.0,20000000.0,20000000.0
100,eMBB,5,WiFi_4,WiFi,0,0.0,0.0,0.0
100,eMBB,6,Satellite_1,Satellite,0,0.0,0.0,0.0
100,eMBB,7,Satellite_2,Satellite,0,0.0,0.0,0.0
101,eMBB,0,6G_1,6G,1,20558678.28057433,40000000.0,20558678.28057433
101,eMBB,1,6G_2,6G,0,0.0,0.0,0.0
101,eMBB,2,WiFi_1,WiFi,0,0.0,0.0,0.0
101,eMBB,3,WiFi_2,WiFi,0,0.0,0.0,0.0
101,eMBB,4,WiFi_3,WiFi,1,1099373.9727717023,20000000.0,1099373.9727717023
101,eMBB,5,WiFi_4,WiFi,0,0.0,0.0,0.0
101,eMBB,6,Satellite_1,Satellite,0,0.0,0.0,0.0
101,eMBB,7,Satellite_2,Satellite,0,0.0,0.0,0.0
102,eMBB,0,6G_1,6G,1,36477689.181458056,40000000.0,36477689.181458056
102,eMBB,1,6G_2,6G,0,0.0,0.0,0.0
102,eMBB,2,WiFi_1,WiFi,0,0.0,0.0,0.0
102,eMBB,3,WiFi_2,WiFi,0,0.0,0.0,0.0
102,eMBB,4,WiFi_3,WiFi,0,0.0,0.0,0.0
102,eMBB,5,WiFi_4,WiFi,1,20000000.0,20000000.0,20000000.0
102,eMBB,6,Satellite_1,Satellite,0,0.0,0.0,0.0
102,eMBB,7,Satellite_2,Satellite,0,0.0,0.0,0.0
103,eMBB,0,6G_1,6G,1,40000000.0,40000000.0,40000000.0
103,eMBB,1,6G_2,6G,0,0.0,0.0,0.0
103,eMBB,2,WiFi_1,WiFi,1,20000000.0,20000000.0,20000000.0
103,eMBB,3,WiFi_2,WiFi,0,0.0,0.0,0.0
103,eMBB,4,WiFi_3,WiFi,0,0.0,0.0,0.0
103,eMBB,5,WiFi_4,WiFi,0,0.0,0.0,0.0
103,eMBB,6,Satellite_1,Satellite,0,0.0,0.0,0.0
103,eMBB,7,Satellite_2,Satellite,0,0.0,0.0,0.0
104,eMBB,0,6G_1,6G,0,0.0,0.0,0.0
104,eMBB,1,6G_2,6G,1,40000000.0,40000000.0,40000000.0
104,eMBB,2,WiFi_1,WiFi,0,0.0,0.0,0.0
104,eMBB,3,WiFi_2,WiFi,1,20000000.0,20000000.0,20000000.0
104,eMBB,4,WiFi_3,WiFi,0,0.0,0.0,0.0
104,eMBB,5,WiFi_4,WiFi,0,0.0,0.0,0.0
104,eMBB,6,Satellite_1,Satellite,0,0.0,0.0,0.0
104,eMBB,7,Satellite_2,Satellite,0,0.0,0.0,0.0
105,eMBB,0,6G_1,6G,1,40000000.0,40000000.0,40000000.0
105,eMBB,1,6G_2,6G,0,0.0,0.0,0.0
105,eMBB,2,WiFi_1,WiFi,0,0.0,0.0,0.0
105,eMBB,3,WiFi_2,WiFi,0,0.0,0.0,0.0
105,eMBB,4,WiFi_3,WiFi,0,0.0,0.0,0.0
105,eMBB,5,WiFi_4,WiFi,1,12996261.254563563,20000000.0,12996261.254563563
105,eMBB,6,Satellite_1,Satellite,0,0.0,0.0,0.0
105,eMBB,7,Satellite_2,Satellite,0,0.0,0.0,0.0
106,eMBB,0,6G_1,6G,1,40000000.0,40000000.0,40000000.0
106,eMBB,1,6G_2,6G,0,0.0,0.0,0.0
106,eMBB,2,WiFi_1,WiFi,0,0.0,0.0,0.0
106,eMBB,3,WiFi_2,WiFi,0,0.0,0.0,0.0
106,eMBB,4,WiFi_3,WiFi,0,0.0,0.0,0.0
106,eMBB,5,WiFi_4,WiFi,1,16011248.733589852,20000000.0,16011248.733589852
106,eMBB,6,Satellite_1,Satellite,0,0.0,0.0,0.0
106,eMBB,7,Satellite_2,Satellite,0,0.0,0.0,0.0
107,eMBB,0,6G_1,6G,1,40000000.0,40000000.0,40000000.0
107,eMBB,1,6G_2,6G,0,0.0,0.0,0.0
107,eMBB,2,WiFi_1,WiFi,0,0.0,0.0,0.0
107,eMBB,3,WiFi_2,WiFi,0,0.0,0.0,0.0
107,eMBB,4,WiFi_3,WiFi,1,19992243.233860146,20000000.0,19992243.233860146
107,eMBB,5,WiFi_4,WiFi,0,0.0,0.0,0.0
107,eMBB,6,Satellite_1,Satellite,0,0.0,0.0,0.0
107,eMBB,7,Satellite_2,Satellite,0,0.0,0.0,0.0
108,eMBB,0,6G_1,6G,1,40000000.0,40000000.0,40000000.0
108,eMBB,1,6G_2,6G,0,0.0,0.0,0.0
108,eMBB,2,WiFi_1,WiFi,1,20000000.0,20000000.0,20000000.0
108,eMBB,3,WiFi_2,WiFi,0,0.0,0.0,0.0
108,eMBB,4,WiFi_3,WiFi,0,0.0,0.0,0.0
108,eMBB,5,WiFi_4,WiFi,0,0.0,0.0,0.0
108,eMBB,6,Satellite_1,Satellite,0,0.0,0.0,0.0
108,eMBB,7,Satellite_2,Satellite,0,0.0,0.0,0.0
109,eMBB,0,6G_1,6G,0,0.0,0.0,0.0
109,eMBB,1,6G_2,6G,1,40000000.0,40000000.0,40000000.0
109,eMBB,2,WiFi_1,WiFi,0,0.0,0.0,0.0
109,eMBB,3,WiFi_2,WiFi,1,20000000.0,20000000.0,20000000.0
109,eMBB,4,WiFi_3,WiFi,0,0.0,0.0,0.0
109,eMBB,5,WiFi_4,WiFi,0,0.0,0.0,0.0
109,eMBB,6,Satellite_1,Satellite,0,0.0,0.0,0.0
109,eMBB,7,Satellite_2,Satellite,0,0.0,0.0,0.0
110,eMBB,0,6G_1,6G,0,0.0,0.0,0.0
110,eMBB,1,6G_2,6G,1,40000000.0,40000000.0,40000000.0
110,eMBB,2,WiFi_1,WiFi,0,0.0,0.0,0.0
110,eMBB,3,WiFi_2,WiFi,1,20000000.0,20000000.0,20000000.0
110,eMBB,4,WiFi_3,WiFi,0,0.0,0.0,0.0
110,eMBB,5,WiFi_4,WiFi,0,0.0,0.0,0.0
110,eMBB,6,Satellite_1,Satellite,0,0.0,0.0,0.0
110,eMBB,7,Satellite_2,Satellite,0,0.0,0.0,0.0
111,eMBB,0,6G_1,6G,1,2813073.2598895538,40000000.0,2813073.2598895538
111,eMBB,1,6G_2,6G,0,0.0,0.0,0.0
111,eMBB,2,WiFi_1,WiFi,1,18417308.42534372,20000000.0,18417308.42534372
111,eMBB,3,WiFi_2,WiFi,0,0.0,0.0,0.0
111,eMBB,4,WiFi_3,WiFi,0,0.0,0.0,0.0
111,eMBB,5,WiFi_4,WiFi,0,0.0,0.0,0.0
111,eMBB,6,Satellite_1,Satellite,0,0.0,0.0,0.0
111,eMBB,7,Satellite_2,Satellite,0,0.0,0.0,0.0
112,eMBB,0,6G_1,6G,1,1588799.9446656718,40000000.0,1588799.9446656718
112,eMBB,1,6G_2,6G,0,0.0,0.0,0.0
112,eMBB,2,WiFi_1,WiFi,1,15270884.60586667,20000000.0,15270884.60586667
112,eMBB,3,WiFi_2,WiFi,0,0.0,0.0,0.0
112,eMBB,4,WiFi_3,WiFi,0,0.0,0.0,0.0
112,eMBB,5,WiFi_4,WiFi,0,0.0,0.0,0.0
112,eMBB,6,Satellite_1,Satellite,0,0.0,0.0,0.0
112,eMBB,7,Satellite_2,Satellite,0,0.0,0.0,0.0
113,eMBB,0,6G_1,6G,1,40000000.0,40000000.0,40000000.0
113,eMBB,1,6G_2,6G,0,0.0,0.0,0.0
113,eMBB,2,WiFi_1,WiFi,0,0.0,0.0,0.0
113,eMBB,3,WiFi_2,WiFi,0,0.0,0.0,0.0
113,eMBB,4,WiFi_3,WiFi,0,0.0,0.0,0.0
113,eMBB,5,WiFi_4,WiFi,1,20000000.0,20000000.0,20000000.0
113,eMBB,6,Satellite_1,Satellite,0,0.0,0.0,0.0
113,eMBB,7,Satellite_2,Satellite,0,0.0,0.0,0.0
114,eMBB,0,6G_1,6G,0,0.0,0.0,0.0
114,eMBB,1,6G_2,6G,1,40000000.0,40000000.0,40000000.0
114,eMBB,2,WiFi_1,WiFi,0,0.0,0.0,0.0
114,eMBB,3,WiFi_2,WiFi,1,20000000.0,20000000.0,20000000.0
114,eMBB,4,WiFi_3,WiFi,0,0.0,0.0,0.0
114,eMBB,5,WiFi_4,WiFi,0,0.0,0.0,0.0
114,eMBB,6,Satellite_1,Satellite,0,0.0,0.0,0.0
114,eMBB,7,Satellite_2,Satellite,0,0.0,0.0,0.0
115,eMBB,0,6G_1,6G,1,40000000.0,40000000.0,40000000.0
115,eMBB,1,6G_2,6G,0,0.0,0.0,0.0
115,eMBB,2,WiFi_1,WiFi,0,0.0,0.0,0.0
115,eMBB,3,WiFi_2,WiFi,0,0.0,0.0,0.0
115,eMBB,4,WiFi_3,WiFi,1,20000000.0,20000000.0,20000000.0
115,eMBB,5,WiFi_4,WiFi,0,0.0,0.0,0.0
115,eMBB,6,Satellite_1,Satellite,0,0.0,0.0,0.0
115,eMBB,7,Satellite_2,Satellite,0,0.0,0.0,0.0
116,eMBB,0,6G_1,6G,0,0.0,0.0,0.0
116,eMBB,1,6G_2,6G,1,27739844.294826332,40000000.0,27739844.294826332
116,eMBB,2,WiFi_1,WiFi,1,20000000.0,20000000.0,20000000.0
116,eMBB,3,WiFi_2,WiFi,0,0.0,0.0,0.0
116,eMBB,4,WiFi_3,WiFi,0,0.0,0.0,0.0
116,eMBB,5,WiFi_4,WiFi,0,0.0,0.0,0.0
116,eMBB,6,Satellite_1,Satellite,0,0.0,0.0,0.0
116,eMBB,7,Satellite_2,Satellite,0,0.0,0.0,0.0
117,eMBB,0,6G_1,6G,1,40000000.0,40000000.0,40000000.0
117,eMBB,1,6G_2,6G,0,0.0,0.0,0.0
117,eMBB,2,WiFi_1,WiFi,1,20000000.0,20000000.0,20000000.0
117,eMBB,3,WiFi_2,WiFi,0,0.0,0.0,0.0
117,eMBB,4,WiFi_3,WiFi,0,0.0,0.0,0.0
117,eMBB,5,WiFi_4,WiFi,0,0.0,0.0,0.0
117,eMBB,6,Satellite_1,Satellite,0,0.0,0.0,0.0
117,eMBB,7,Satellite_2,Satellite,0,0.0,0.0,0.0
118,eMBB,0,6G_1,6G,1,40000000.0,40000000.0,40000000.0
118,eMBB,1,6G_2,6G,0,0.0,0.0,0.0
118,eMBB,2,WiFi_1,WiFi,1,7672560.83723529,20000000.0,7672560.83723529
118,eMBB,3,WiFi_2,WiFi,0,0.0,0.0,0.0
118,eMBB,4,WiFi_3,WiFi,0,0.0,0.0,0.0
118,eMBB,5,WiFi_4,WiFi,0,0.0,0.0,0.0
118,eMBB,6,Satellite_1,Satellite,0,0.0,0.0,0.0
118,eMBB,7,Satellite_2,Satellite,0,0.0,0.0,0.0
119,eMBB,0,6G_1,6G,0,0.0,0.0,0.0
119,eMBB,1,6G_2,6G,1,17575472.0855963,40000000.0,17575472.0855963
119,eMBB,2,WiFi_1,WiFi,1,20000000.0,20000000.0,20000000.0
119,eMBB,3,WiFi_2,WiFi,0,0.0,0.0,0.0
119,eMBB,4,WiFi_3,WiFi,0,0.0,0.0,0.0
119,eMBB,5,WiFi_4,WiFi,0,0.0,0.0,0.0
119,eMBB,6,Satellite_1,Satellite,0,0.0,0.0,0.0
119,eMBB,7,Satellite_2,Satellite,0,0.0,0.0,0.0
120,eMBB,0,6G_1,6G,0,0.0,0.0,0.0
120,eMBB,1,6G_2,6G,0,0.0,0.0,0.0
120,eMBB,2,WiFi_1,WiFi,0,0.0,0.0,0.0
120,eMBB,3,WiFi_2,WiFi,0,0.0,0.0,0.0
120,eMBB,4,WiFi_3,WiFi,0,0.0,0.0,0.0
120,eMBB,5,WiFi_4,WiFi,0,0.0,0.0,0.0
120,eMBB,6,Satellite_1,Satellite,0,0.0,0.0,0.0
120,eMBB,7,Satellite_2,Satellite,1,10920545.92653293,2802604.227022877,2802604.227022877
121,eMBB,0,6G_1,6G,0,0.0,0.0,0.0
121,eMBB,1,6G_2,6G,0,0.0,0.0,0.0
121,eMBB,2,WiFi_1,WiFi,0,0.0,0.0,0.0
121,eMBB,3,WiFi_2,WiFi,0,0.0,0.0,0.0
121,eMBB,4,WiFi_3,WiFi,0,0.0,0.0,0.0
121,eMBB,5,WiFi_4,WiFi,0,0.0,0.0,0.0
121,eMBB,6,Satellite_1,Satellite,1,4033324.775227885,4033324.7752278848,4033324.7752278848
121,eMBB,7,Satellite_2,Satellite,0,0.0,0.0,0.0
122,eMBB,0,6G_1,6G,0,0.0,0.0,0.0
122,eMBB,1,6G_2,6G,0,0.0,0.0,0.0
122,eMBB,2,WiFi_1,WiFi,0,0.0,0.0,0.0
122,eMBB,3,WiFi_2,WiFi,0,0.0,0.0,0.0
122,eMBB,4,WiFi_3,WiFi,0,0.0,0.0,0.0
122,eMBB,5,WiFi_4,WiFi,0,0.0,0.0,0.0
122,eMBB,6,Satellite_1,Satellite,0,0.0,0.0,0.0
122,eMBB,7,Satellite_2,Satellite,1,9762365.127653793,2473662.8408131767,2473662.8408131767
123,eMBB,0,6G_1,6G,0,0.0,0.0,0.0
123,eMBB,1,6G_2,6G,0,0.0,0.0,0.0
123,eMBB,2,WiFi_1,WiFi,0,0.0,0.0,0.0
123,eMBB,3,WiFi_2,WiFi,0,0.0,0.0,0.0
123,eMBB,4,WiFi_3,WiFi,0,0.0,0.0,0.0
123,eMBB,5,WiFi_4,WiFi,0,0.0,0.0,0.0
123,eMBB,6,Satellite_1,Satellite,0,0.0,0.0,0.0
123,eMBB,7,Satellite_2,Satellite,1,7522829.543194245,3389401.767157234,3389401.767157234
124,eMBB,0,6G_1,6G,0,0.0,0.0,0.0
124,eMBB,1,6G_2,6G,0,0.0,0.0,0.0
124,eMBB,2,WiFi_1,WiFi,0,0.0,0.0,0.0
124,eMBB,3,WiFi_2,WiFi,0,0.0,0.0,0.0
124,eMBB,4,WiFi_3,WiFi,0,0.0,0.0,0.0
124,eMBB,5,WiFi_4,WiFi,0,0.0,0.0,0.0
124,eMBB,6,Satellite_1,Satellite,0,0.0,0.0,0.0
124,eMBB,7,Satellite_2,Satellite,1,8566145.267615503,4185127.320886764,4185127.320886764
125,eMBB,0,6G_1,6G,0,0.0,0.0,0.0
125,eMBB,1,6G_2,6G,0,0.0,0.0,0.0
125,eMBB,2,WiFi_1,WiFi,0,0.0,0.0,0.0
125,eMBB,3,WiFi_2,WiFi,0,0.0,0.0,0.0
125,eMBB,4,WiFi_3,WiFi,0,0.0,0.0,0.0
125,eMBB,5,WiFi_4,WiFi,0,0.0,0.0,0.0
125,eMBB,6,Satellite_1,Satellite,1,7527191.69252998,5220600.931416071,5220600.931416071
125,eMBB,7,Satellite_2,Satellite,0,0.0,0.0,0.0
126,eMBB,0,6G_1,6G,0,0.0,0.0,0.0
126,eMBB,1,6G_2,6G,0,0.0,0.0,0.0
126,eMBB,2,WiFi_1,WiFi,0,0.0,0.0,0.0
126,eMBB,3,WiFi_2,WiFi,0,0.0,0.0,0.0
126,eMBB,4,WiFi_3,WiFi,0,0.0,0.0,0.0
126,eMBB,5,WiFi_4,WiFi,0,0.0,0.0,0.0
126,eMBB,6,Satellite_1,Satellite,0,0.0,0.0,0.0
126,eMBB,7,Satellite_2,Satellite,1,3104844.4234227147,3104844.4234227147,3104844.4234227147
127,eMBB,0,6G_1,6G,0,0.0,0.0,0.0
127,eMBB,1,6G_2,6G,0,0.0,0.0,0.0
127,eMBB,2,WiFi_1,WiFi,0,0.0,0.0,0.0
127,eMBB,3,WiFi_2,WiFi,0,0.0,0.0,0.0
127,eMBB,4,WiFi_3,WiFi,0,0.0,0.0,0.0
127,eMBB,5,WiFi_4,WiFi,0,0.0,0.0,0.0
127,eMBB,6,Satellite_1,Satellite,1,3786304.7240679557,3786304.7240679557,3786304.7240679557
127,eMBB,7,Satellite_2,Satellite,0,0.0,0.0,0.0
128,eMBB,0,6G_1,6G,0,0.0,0.0,0.0
128,eMBB,1,6G_2,6G,0,0.0,0.0,0.0
128,eMBB,2,WiFi_1,WiFi,0,0.0,0.0,0.0
128,eMBB,3,WiFi_2,WiFi,0,0.0,0.0,0.0
128,eMBB,4,WiFi_3,WiFi,0,0.0,0.0,0.0
128,eMBB,5,WiFi_4,WiFi,0,0.0,0.0,0.0
128,eMBB,6,Satellite_1,Satellite,0,0.0,0.0,0.0
128,eMBB,7,Satellite_2,Satellite,1,9192373.217953239,5887131.968721475,5887131.968721475
129,eMBB,0,6G_1,6G,0,0.0,0.0,0.0
129,eMBB,1,6G_2,6G,0,0.0,0.0,0.0
129,eMBB,2,WiFi_1,WiFi,0,0.0,0.0,0.0
129,eMBB,3,WiFi_2,WiFi,0,0.0,0.0,0.0
129,eMBB,4,WiFi_3,WiFi,0,0.0,0.0,0.0
129,eMBB,5,WiFi_4,WiFi,0,0.0,0.0,0.0
129,eMBB,6,Satellite_1,Satellite,1,8276445.232591266,2277601.344623062,2277601.344623062
129,eMBB,7,Satellite_2,Satellite,0,0.0,0.0,0.0
130,eMBB,0,6G_1,6G,0,0.0,0.0,0.0
130,eMBB,1,6G_2,6G,0,0.0,0.0,0.0
130,eMBB,2,WiFi_1,WiFi,0,0.0,0.0,0.0
130,eMBB,3,WiFi_2,WiFi,0,0.0,0.0,0.0
130,eMBB,4,WiFi_3,WiFi,0,0.0,0.0,0.0
130,eMBB,5,WiFi_4,WiFi,0,0.0,0.0,0.0
130,eMBB,6,Satellite_1,Satellite,1,10047506.710693926,3074215.0702670487,3074215.0702670487
130,eMBB,7,Satellite_2,Satellite,0,0.0,0.0,0.0
131,eMBB,0,6G_1,6G,0,0.0,0.0,0.0
131,eMBB,1,6G_2,6G,0,0.0,0.0,0.0
131,eMBB,2,WiFi_1,WiFi,0,0.0,0.0,0.0
131,eMBB,3,WiFi_2,WiFi,0,0.0,0.0,0.0
131,eMBB,4,WiFi_3,WiFi,0,0.0,0.0,0.0
131,eMBB,5,WiFi_4,WiFi,0,0.0,0.0,0.0
131,eMBB,6,Satellite_1,Satellite,0,0.0,0.0,0.0
131,eMBB,7,Satellite_2,Satellite,1,3814827.245962127,3814827.245962127,3814827.245962127
132,eMBB,0,6G_1,6G,0,0.0,0.0,0.0
132,eMBB,1,6G_2,6G,0,0.0,0.0,0.0
132,eMBB,2,WiFi_1,WiFi,0,0.0,0.0,0.0
132,eMBB,3,WiFi_2,WiFi,0,0.0,0.0,0.0
132,eMBB,4,WiFi_3,WiFi,0,0.0,0.0,0.0
132,eMBB,5,WiFi_4,WiFi,0,0.0,0.0,0.0
132,eMBB,6,Satellite_1,Satellite,1,8198417.33551666,5932069.432570129,5932069.432570129
132,eMBB,7,Satellite_2,Satellite,0,0.0,0.0,0.0
133,eMBB,0,6G_1,6G,0,0.0,0.0,0.0
133,eMBB,1,6G_2,6G,0,0.0,0.0,0.0
133,eMBB,2,WiFi_1,WiFi,0,0.0,0.0,0.0
133,eMBB,3,WiFi_2,WiFi,0,0.0,0.0,0.0
133,eMBB,4,WiFi_3,WiFi,0,0.0,0.0,0.0
133,eMBB,5,WiFi_4,WiFi,0,0.0,0.0,0.0
133,eMBB,6,Satellite_1,Satellite,0,0.0,0.0,0.0
133,eMBB,7,Satellite_2,Satellite,1,4630823.622551643,3894678.814515364,3894678.814515364
134,eMBB,0,6G_1,6G,0,0.0,0.0,0.0
134,eMBB,1,6G_2,6G,0,0.0,0.0,0.0
134,eMBB,2,WiFi_1,WiFi,0,0.0,0.0,0.0
134,eMBB,3,WiFi_2,WiFi,0,0.0,0.0,0.0
134,eMBB,4,WiFi_3,WiFi,0,0.0,0.0,0.0
134,eMBB,5,WiFi_4,WiFi,0,0.0,0.0,0.0
134,eMBB,6,Satellite_1,Satellite,1,9311622.116967618,3933764.742693856,3933764.742693856
134,eMBB,7,Satellite_2,Satellite,0,0.0,0.0,0.0
135,eMBB,0,6G_1,6G,0,0.0,0.0,0.0
135,eMBB,1,6G_2,6G,0,0.0,0.0,0.0
135,eMBB,2,WiFi_1,WiFi,0,0.0,0.0,0.0
135,eMBB,3,WiFi_2,WiFi,0,0.0,0.0,0.0
135,eMBB,4,WiFi_3,WiFi,0,0.0,0.0,0.0
135,eMBB,5,WiFi_4,WiFi,0,0.0,0.0,0.0
135,eMBB,6,Satellite_1,Satellite,1,7280634.476768841,3399449.2909512273,3399449.2909512273
135,eMBB,7,Satellite_2,Satellite,0,0.0,0.0,0.0
136,eMBB,0,6G_1,6G,0,0.0,0.0,0.0
136,eMBB,1,6G_2,6G,0,0.0,0.0,0.0
136,eMBB,2,WiFi_1,WiFi,0,0.0,0.0,0.0
136,eMBB,3,WiFi_2,WiFi,0,0.0,0.0,0.0
136,eMBB,4,WiFi_3,WiFi,0,0.0,0.0,0.0
136,eMBB,5,WiFi_4,WiFi,0,0.0,0.0,0.0
136,eMBB,6,Satellite_1,Satellite,0,0.0,0.0,0.0
136,eMBB,7,Satellite_2,Satellite,1,7800919.132979521,3627510.734003825,3627510.734003825
137,eMBB,0,6G_1,6G,0,0.0,0.0,0.0
137,eMBB,1,6G_2,6G,0,0.0,0.0,0.0
137,eMBB,2,WiFi_1,WiFi,0,0.0,0.0,0.0
137,eMBB,3,WiFi_2,WiFi,0,0.0,0.0,0.0
137,eMBB,4,WiFi_3,WiFi,0,0.0,0.0,0.0
137,eMBB,5,WiFi_4,WiFi,0,0.0,0.0,0.0
137,eMBB,6,Satellite_1,Satellite,1,6943031.399571101,4719494.436922213,4719494.436922213
137,eMBB,7,Satellite_2,Satellite,0,0.0,0.0,0.0
138,eMBB,0,6G_1,6G,0,0.0,0.0,0.0
138,eMBB,1,6G_2,6G,0,0.0,0.0,0.0
138,eMBB,2,WiFi_1,WiFi,0,0.0,0.0,0.0
138,eMBB,3,WiFi_2,WiFi,0,0.0,0.0,0.0
138,eMBB,4,WiFi_3,WiFi,0,0.0,0.0,0.0
138,eMBB,5,WiFi_4,WiFi,0,0.0,0.0,0.0
138,eMBB,6,Satellite_1,Satellite,0,0.0,0.0,0.0
138,eMBB,7,Satellite_2,Satellite,1,9509468.867187535,5663315.789498697,5663315.789498697
139,eMBB,0,6G_1,6G,0,0.0,0.0,0.0
139,eMBB,1,6G_2,6G,0,0.0,0.0,0.0
139,eMBB,2,WiFi_1,WiFi,0,0.0,0.0,0.0
139,eMBB,3,WiFi_2,WiFi,0,0.0,0.0,0.0
139,eMBB,4,WiFi_3,WiFi,0,0.0,0.0,0.0
139,eMBB,5,WiFi_4,WiFi,0,0.0,0.0,0.0
139,eMBB,6,Satellite_1,Satellite,0,0.0,0.0,0.0
139,eMBB,7,Satellite_2,Satellite,1,10417724.401879475,2139319.5427449713,2139319.5427449713
140,eMBB,0,6G_1,6G,0,0.0,0.0,0.0
140,eMBB,1,6G_2,6G,0,0.0,0.0,0.0
140,eMBB,2,WiFi_1,WiFi,0,0.0,0.0,0.0
140,eMBB,3,WiFi_2,WiFi,0,0.0,0.0,0.0
140,eMBB,4,WiFi_3,WiFi,0,0.0,0.0,0.0
140,eMBB,5,WiFi_4,WiFi,0,0.0,0.0,0.0
140,eMBB,6,Satellite_1,Satellite,0,0.0,0.0,0.0
140,eMBB,7,Satellite_2,Satellite,1,5745018.751555545,2306172.715757072,2306172.715757072
141,eMBB,0,6G_1,6G,0,0.0,0.0,0.0
141,eMBB,1,6G_2,6G,0,0.0,0.0,0.0
141,eMBB,2,WiFi_1,WiFi,0,0.0,0.0,0.0
141,eMBB,3,WiFi_2,WiFi,0,0.0,0.0,0.0
141,eMBB,4,WiFi_3,WiFi,0,0.0,0.0,0.0
141,eMBB,5,WiFi_4,WiFi,0,0.0,0.0,0.0
141,eMBB,6,Satellite_1,Satellite,0,0.0,0.0,0.0
141,eMBB,7,Satellite_2,Satellite,1,10077622.138163267,2214356.395549482,2214356.395549482
142,eMBB,0,6G_1,6G,0,0.0,0.0,0.0
142,eMBB,1,6G_2,6G,0,0.0,0.0,0.0
142,eMBB,2,WiFi_1,WiFi,0,0.0,0.0,0.0
142,eMBB,3,WiFi_2,WiFi,0,0.0,0.0,0.0
142,eMBB,4,WiFi_3,WiFi,0,0.0,0.0,0.0
142,eMBB,5,WiFi_4,WiFi,0,0.0,0.0,0.0
142,eMBB,6,Satellite_1,Satellite,0,0.0,0.0,0.0
142,eMBB,7,Satellite_2,Satellite,1,2433163.4097555713,2433163.4097555713,2433163.4097555713
143,eMBB,0,6G_1,6G,0,0.0,0.0,0.0
143,eMBB,1,6G_2,6G,0,0.0,0.0,0.0
143,eMBB,2,WiFi_1,WiFi,0,0.0,0.0,0.0
143,eMBB,3,WiFi_2,WiFi,0,0.0,0.0,0.0
143,eMBB,4,WiFi_3,WiFi,0,0.0,0.0,0.0
143,eMBB,5,WiFi_4,WiFi,0,0.0,0.0,0.0
143,eMBB,6,Satellite_1,Satellite,1,5037046.479014802,4540085.818968539,4540085.818968539
143,eMBB,7,Satellite_2,Satellite,0,0.0,0.0,0.0
144,eMBB,0,6G_1,6G,0,0.0,0.0,0.0
144,eMBB,1,6G_2,6G,0,0.0,0.0,0.0
144,eMBB,2,WiFi_1,WiFi,0,0.0,0.0,0.0
144,eMBB,3,WiFi_2,WiFi,0,0.0,0.0,0.0
144,eMBB,4,WiFi_3,WiFi,0,0.0,0.0,0.0
144,eMBB,5,WiFi_4,WiFi,0,0.0,0.0,0.0
144,eMBB,6,Satellite_1,Satellite,0,0.0,0.0,0.0
144,eMBB,7,Satellite_2,Satellite,1,8201581.05624026,3171218.4539601305,3171218.4539601305
145,eMBB,0,6G_1,6G,0,0.0,0.0,0.0
145,eMBB,1,6G_2,6G,0,0.0,0.0,0.0
145,eMBB,2,WiFi_1,WiFi,0,0.0,0.0,0.0
145,eMBB,3,WiFi_2,WiFi,0,0.0,0.0,0.0
145,eMBB,4,WiFi_3,WiFi,0,0.0,0.0,0.0
145,eMBB,5,WiFi_4,WiFi,0,0.0,0.0,0.0
145,eMBB,6,Satellite_1,Satellite,1,4883792.4916922785,3388946.499082803,3388946.499082803
145,eMBB,7,Satellite_2,Satellite,0,0.0,0.0,0.0
146,eMBB,0,6G_1,6G,0,0.0,0.0,0.0
146,eMBB,1,6G_2,6G,0,0.0,0.0,0.0
146,eMBB,2,WiFi_1,WiFi,0,0.0,0.0,0.0
146,eMBB,3,WiFi_2,WiFi,0,0.0,0.0,0.0
146,eMBB,4,WiFi_3,WiFi,0,0.0,0.0,0.0
146,eMBB,5,WiFi_4,WiFi,0,0.0,0.0,0.0
146,eMBB,6,Satellite_1,Satellite,0,0.0,0.0,0.0
146,eMBB,7,Satellite_2,Satellite,1,4565610.092378133,4565610.092378133,4565610.092378133
147,eMBB,0,6G_1,6G,0,0.0,0.0,0.0
147,eMBB,1,6G_2,6G,0,0.0,0.0,0.0
147,eMBB,2,WiFi_1,WiFi,0,0.0,0.0,0.0
147,eMBB,3,WiFi_2,WiFi,0,0.0,0.0,0.0
147,eMBB,4,WiFi_3,WiFi,0,0.0,0.0,0.0
147,eMBB,5,WiFi_4,WiFi,0,0.0,0.0,0.0
147,eMBB,6,Satellite_1,Satellite,1,8067562.8027484035,5229576.055219577,5229576.055219577
147,eMBB,7,Satellite_2,Satellite,0,0.0,0.0,0.0
148,eMBB,0,6G_1,6G,0,0.0,0.0,0.0
148,eMBB,1,6G_2,6G,0,0.0,0.0,0.0
148,eMBB,2,WiFi_1,WiFi,0,0.0,0.0,0.0
148,eMBB,3,WiFi_2,WiFi,0,0.0,0.0,0.0
148,eMBB,4,WiFi_3,WiFi,0,0.0,0.0,0.0
148,eMBB,5,WiFi_4,WiFi,0,0.0,0.0,0.0
148,eMBB,6,Satellite_1,Satellite,1,5568906.266805495,3862322.3918113327,3862322.3918113327
148,eMBB,7,Satellite_2,Satellite,0,0.0,0.0,0.0
149,eMBB,0,6G_1,6G,0,0.0,0.0,0.0
149,eMBB,1,6G_2,6G,0,0.0,0.0,0.0
149,eMBB,2,WiFi_1,WiFi,0,0.0,0.0,0.0
149,eMBB,3,WiFi_2,WiFi,0,0.0,0.0,0.0
149,eMBB,4,WiFi_3,WiFi,0,0.0,0.0,0.0
149,eMBB,5,WiFi_4,WiFi,0,0.0,0.0,0.0
149,eMBB,6,Satellite_1,Satellite,0,0.0,0.0,0.0
149,eMBB,7,Satellite_2,Satellite,1,3577372.096271089,3577372.096271089,3577372.096271089
150,eMBB,0,6G_1,6G,0,0.0,0.0,0.0
150,eMBB,1,6G_2,6G,1,40000000.0,40000000.0,40000000.0
150,eMBB,2,WiFi_1,WiFi,0,0.0,0.0,0.0
150,eMBB,3,WiFi_2,WiFi,1,12571301.979455288,20000000.0,12571301.979455288
150,eMBB,4,WiFi_3,WiFi,0,0.0,0.0,0.0
150,eMBB,5,WiFi_4,WiFi,0,0.0,0.0,0.0
150,eMBB,6,Satellite_1,Satellite,0,0.0,0.0,0.0
150,eMBB,7,Satellite_2,Satellite,0,0.0,0.0,0.0
151,eMBB,0,6G_1,6G,1,40000000.0,40000000.0,40000000.0
151,eMBB,1,6G_2,6G,0,0.0,0.0,0.0
151,eMBB,2,WiFi_1,WiFi,0,0.0,0.0,0.0
151,eMBB,3,WiFi_2,WiFi,0,0.0,0.0,0.0
151,eMBB,4,WiFi_3,WiFi,1,20000000.0,20000000.0,20000000.0
151,eMBB,5,WiFi_4,WiFi,0,0.0,0.0,0.0
151,eMBB,6,Satellite_1,Satellite,0,0.0,0.0,0.0
151,eMBB,7,Satellite_2,Satellite,0,0.0,0.0,0.0
152,eMBB,0,6G_1,6G,1,40000000.0,40000000.0,40000000.0
152,eMBB,1,6G_2,6G,0,0.0,0.0,0.0
152,eMBB,2,WiFi_1,WiFi,0,0.0,0.0,0.0
152,eMBB,3,WiFi_2,WiFi,0,0.0,0.0,0.0
152,eMBB,4,WiFi_3,WiFi,1,20000000.0,20000000.0,20000000.0
152,eMBB,5,WiFi_4,WiFi,0,0.0,0.0,0.0
152,eMBB,6,Satellite_1,Satellite,0,0.0,0.0,0.0
152,eMBB,7,Satellite_2,Satellite,0,0.0,0.0,0.0
153,eMBB,0,6G_1,6G,0,0.0,0.0,0.0
153,eMBB,1,6G_2,6G,1,25838999.663748767,40000000.0,25838999.663748767
153,eMBB,2,WiFi_1,WiFi,0,0.0,0.0,0.0
153,eMBB,3,WiFi_2,WiFi,0,0.0,0.0,0.0
153,eMBB,4,WiFi_3,WiFi,1,20000000.0,20000000.0,20000000.0
153,eMBB,5,WiFi_4,WiFi,0,0.0,0.0,0.0
153,eMBB,6,Satellite_1,Satellite,1,6261734.144560407,969842.5987359978,969842.5987359978
153,eMBB,7,Satellite_2,Satellite,0,0.0,0.0,0.0
154,eMBB,0,6G_1,6G,0,0.0,0.0,0.0
154,eMBB,1,6G_2,6G,1,40000000.0,40000000.0,40000000.0
154,eMBB,2,WiFi_1,WiFi,0,0.0,0.0,0.0
154,eMBB,3,WiFi_2,WiFi,1,20000000.0,20000000.0,20000000.0
154,eMBB,4,WiFi_3,WiFi,0,0.0,0.0,0.0
154,eMBB,5,WiFi_4,WiFi,0,0.0,0.0,0.0
154,eMBB,6,Satellite_1,Satellite,1,10748958.970140727,2530027.638326503,2530027.638326503
154,eMBB,7,Satellite_2,Satellite,0,0.0,0.0,0.0
155,eMBB,0,6G_1,6G,0,0.0,0.0,0.0
155,eMBB,1,6G_2,6G,1,38788483.8221842,40000000.0,38788483.8221842
155,eMBB,2,WiFi_1,WiFi,0,0.0,0.0,0.0
155,eMBB,3,WiFi_2,WiFi,0,0.0,0.0,0.0
155,eMBB,4,WiFi_3,WiFi,0,0.0,0.0,0.0
155,eMBB,5,WiFi_4,WiFi,1,19999999.999999996,20000000.0,19999999.999999996
155,eMBB,6,Satellite_1,Satellite,0,0.0,0.0,0.0
155,eMBB,7,Satellite_2,Satellite,0,0.0,0.0,0.0
156,eMBB,0,6G_1,6G,0,0.0,0.0,0.0
156,eMBB,1,6G_2,6G,1,40000000.0,40000000.0,40000000.0
156,eMBB,2,WiFi_1,WiFi,0,0.0,0.0,0.0
156,eMBB,3,WiFi_2,WiFi,0,0.0,0.0,0.0
156,eMBB,4,WiFi_3,WiFi,1,20000000.0,20000000.0,20000000.0
156,eMBB,5,WiFi_4,WiFi,0,0.0,0.0,0.0
156,eMBB,6,Satellite_1,Satellite,0,0.0,0.0,0.0
156,eMBB,7,Satellite_2,Satellite,0,0.0,0.0,0.0
157,eMBB,0,6G_1,6G,0,0.0,0.0,0.0
157,eMBB,1,6G_2,6G,1,40000000.0,40000000.0,40000000.0
157,eMBB,2,WiFi_1,WiFi,0,0.0,0.0,0.0
157,eMBB,3,WiFi_2,WiFi,0,0.0,0.0,0.0
157,eMBB,4,WiFi_3,WiFi,0,0.0,0.0,0.0
157,eMBB,5,WiFi_4,WiFi,1,20000000.0,20000000.0,20000000.0
157,eMBB,6,Satellite_1,Satellite,0,0.0,0.0,0.0
157,eMBB,7,Satellite_2,Satellite,0,0.0,0.0,0.0
158,eMBB,0,6G_1,6G,0,0.0,0.0,0.0
158,eMBB,1,6G_2,6G,1,23283390.765989337,40000000.0,23283390.765989337
158,eMBB,2,WiFi_1,WiFi,0,0.0,0.0,0.0
158,eMBB,3,WiFi_2,WiFi,1,8213857.984253022,20000000.0,8213857.984253022
158,eMBB,4,WiFi_3,WiFi,0,0.0,0.0,0.0
158,eMBB,5,WiFi_4,WiFi,0,0.0,0.0,0.0
158,eMBB,6,Satellite_1,Satellite,0,0.0,0.0,0.0
158,eMBB,7,Satellite_2,Satellite,0,0.0,0.0,0.0
159,eMBB,0,6G_1,6G,0,0.0,0.0,0.0
159,eMBB,1,6G_2,6G,1,13130995.207156288,40000000.0,13130995.207156288
159,eMBB,2,WiFi_1,WiFi,0,0.0,0.0,0.0
159,eMBB,3,WiFi_2,WiFi,0,0.0,0.0,0.0
159,eMBB,4,WiFi_3,WiFi,0,0.0,0.0,0.0
159,eMBB,5,WiFi_4,WiFi,1,20000000.0,20000000.0,20000000.0
159,eMBB,6,Satellite_1,Satellite,0,0.0,0.0,0.0
159,eMBB,7,Satellite_2,Satellite,0,0.0,0.0,0.0
160,eMBB,0,6G_1,6G,1,23798275.44774408,40000000.0,23798275.44774408
160,eMBB,1,6G_2,6G,0,0.0,0.0,0.0
160,eMBB,2,WiFi_1,WiFi,0,0.0,0.0,0.0
160,eMBB,3,WiFi_2,WiFi,0,0.0,0.0,0.0
160,eMBB,4,WiFi_3,WiFi,1,11294785.58918943,20000000.0,11294785.58918943
160,eMBB,5,WiFi_4,WiFi,0,0.0,0.0,0.0
160,eMBB,6,Satellite_1,Satellite,0,0.0,0.0,0.0
160,eMBB,7,Satellite_2,Satellite,0,0.0,0.0,0.0
161,eMBB,0,6G_1,6G,0,0.0,0.0,0.0
161,eMBB,1,6G_2,6G,1,19703265.182748444,40000000.0,19703265.182748444
161,eMBB,2,WiFi_1,WiFi,1,4279485.629303475,20000000.0,4279485.629303475
161,eMBB,3,WiFi_2,WiFi,0,0.0,0.0,0.0
161,eMBB,4,WiFi_3,WiFi,0,0.0,0.0,0.0
161,eMBB,5,WiFi_4,WiFi,0,0.0,0.0,0.0
161,eMBB,6,Satellite_1,Satellite,0,0.0,0.0,0.0
161,eMBB,7,Satellite_2,Satellite,1,4135673.4775130763,1398505.1987427191,1398505.1987427191
162,eMBB,0,6G_1,6G,1,40000000.0,40000000.0,40000000.0
162,eMBB,1,6G_2,6G,0,0.0,0.0,0.0
162,eMBB,2,WiFi_1,WiFi,1,20000000.0,20000000.0,20000000.0
162,eMBB,3,WiFi_2,WiFi,0,0.0,0.0,0.0
162,eMBB,4,WiFi_3,WiFi,0,0.0,0.0,0.0
162,eMBB,5,WiFi_4,WiFi,0,0.0,0.0,0.0
162,eMBB,6,Satellite_1,Satellite,0,0.0,0.0,0.0
162,eMBB,7,Satellite_2,Satellite,0,0.0,0.0,0.0
163,eMBB,0,6G_1,6G,0,0.0,0.0,0.0
163,eMBB,1,6G_2,6G,1,14306590.96864628,40000000.0,14306590.96864628
163,eMBB,2,WiFi_1,WiFi,0,0.0,0.0,0.0
163,eMBB,3,WiFi_2,WiFi,1,2022843.6719277478,20000000.0,2022843.6719277478
163,eMBB,4,WiFi_3,WiFi,0,0.0,0.0,0.0
163,eMBB,5,WiFi_4,WiFi,0,0.0,0.0,0.0
163,eMBB,6,Satellite_1,Satellite,0,0.0,0.0,0.0
163,eMBB,7,Satellite_2,Satellite,0,0.0,0.0,0.0
164,eMBB,0,6G_1,6G,1,36610801.98217038,40000000.0,36610801.98217038
164,eMBB,1,6G_2,6G,0,0.0,0.0,0.0
164,eMBB,2,WiFi_1,WiFi,1,20000000.0,20000000.0,20000000.0
164,eMBB,3,WiFi_2,WiFi,0,0.0,0.0,0.0
164,eMBB,4,WiFi_3,WiFi,0,0.0,0.0,0.0
164,eMBB,5,WiFi_4,WiFi,0,0.0,0.0,0.0
164,eMBB,6,Satellite_1,Satellite,0,0.0,0.0,0.0
164,eMBB,7,Satellite_2,Satellite,0,0.0,0.0,0.0
165,eMBB,0,6G_1,6G,0,0.0,0.0,0.0
165,eMBB,1,6G_2,6G,1,40000000.0,40000000.0,40000000.0
165,eMBB,2,WiFi_1,WiFi,0,0.0,0.0,0.0
165,eMBB,3,WiFi_2,WiFi,1,20000000.0,20000000.0,20000000.0
165,eMBB,4,WiFi_3,WiFi,0,0.0,0.0,0.0
165,eMBB,5,WiFi_4,WiFi,0,0.0,0.0,0.0
165,eMBB,6,Satellite_1,Satellite,0,0.0,0.0,0.0
165,eMBB,7,Satellite_2,Satellite,0,0.0,0.0,0.0
166,eMBB,0,6G_1,6G,1,40000000.0,40000000.0,40000000.0
166,eMBB,1,6G_2,6G,0,0.0,0.0,0.0
166,eMBB,2,WiFi_1,WiFi,0,0.0,0.0,0.0
166,eMBB,3,WiFi_2,WiFi,0,0.0,0.0,0.0
166,eMBB,4,WiFi_3,WiFi,0,0.0,0.0,0.0
166,eMBB,5,WiFi_4,WiFi,1,20000000.0,20000000.0,20000000.0
166,eMBB,6,Satellite_1,Satellite,0,0.0,0.0,0.0
166,eMBB,7,Satellite_2,Satellite,0,0.0,0.0,0.0
167,eMBB,0,6G_1,6G,0,0.0,0.0,0.0
167,eMBB,1,6G_2,6G,1,20941449.160725404,40000000.0,20941449.160725404
167,eMBB,2,WiFi_1,WiFi,0,0.0,0.0,0.0
167,eMBB,3,WiFi_2,WiFi,1,20000000.0,20000000.0,20000000.0
167,eMBB,4,WiFi_3,WiFi,0,0.0,0.0,0.0
167,eMBB,5,WiFi_4,WiFi,0,0.0,0.0,0.0
167,eMBB,6,Satellite_1,Satellite,0,0.0,0.0,0.0
167,eMBB,7,Satellite_2,Satellite,0,0.0,0.0,0.0
168,eMBB,0,6G_1,6G,1,40000000.0,40000000.0,40000000.0
168,eMBB,1,6G_2,6G,0,0.0,0.0,0.0
168,eMBB,2,WiFi_1,WiFi,1,20000000.0,20000000.0,20000000.0
168,eMBB,3,WiFi_2,WiFi,0,0.0,0.0,0.0
168,eMBB,4,WiFi_3,WiFi,0,0.0,0.0,0.0
168,eMBB,5,WiFi_4,WiFi,0,0.0,0.0,0.0
168,eMBB,6,Satellite_1,Satellite,0,0.0,0.0,0.0
168,eMBB,7,Satellite_2,Satellite,0,0.0,0.0,0.0
169,eMBB,0,6G_1,6G,1,33495807.270376228,40000000.0,33495807.270376228
169,eMBB,1,6G_2,6G,0,0.0,0.0,0.0
169,eMBB,2,WiFi_1,WiFi,1,20000000.0,20000000.0,20000000.0
169,eMBB,3,WiFi_2,WiFi,0,0.0,0.0,0.0
169,eMBB,4,WiFi_3,WiFi,0,0.0,0.0,0.0
169,eMBB,5,WiFi_4,WiFi,0,0.0,0.0,0.0
169,eMBB,6,Satellite_1,Satellite,0,0.0,0.0,0.0
169,eMBB,7,Satellite_2,Satellite,0,0.0,0.0,0.0
170,eMBB,0,6G_1,6G,1,40000000.0,40000000.0,40000000.0
170,eMBB,1,6G_2,6G,0,0.0,0.0,0.0
170,eMBB,2,WiFi_1,WiFi,0,0.0,0.0,0.0
170,eMBB,3,WiFi_2,WiFi,0,0.0,0.0,0.0
170,eMBB,4,WiFi_3,WiFi,1,4816078.65260965,20000000.0,4816078.65260965
170,eMBB,5,WiFi_4,WiFi,0,0.0,0.0,0.0
170,eMBB,6,Satellite_1,Satellite,0,0.0,0.0,0.0
170,eMBB,7,Satellite_2,Satellite,0,0.0,0.0,0.0
171,eMBB,0,6G_1,6G,1,28001837.993664738,40000000.0,28001837.993664738
171,eMBB,1,6G_2,6G,0,0.0,0.0,0.0
171,eMBB,2,WiFi_1,WiFi,0,0.0,0.0,0.0
171,eMBB,3,WiFi_2,WiFi,0,0.0,0.0,0.0
171,eMBB,4,WiFi_3,WiFi,1,20000000.0,20000000.0,20000000.0
171,eMBB,5,WiFi_4,WiFi,0,0.0,0.0,0.0
171,eMBB,6,Satellite_1,Satellite,0,0.0,0.0,0.0
171,eMBB,7,Satellite_2,Satellite,0,0.0,0.0,0.0
172,eMBB,0,6G_1,6G,0,0.0,0.0,0.0
172,eMBB,1,6G_2,6G,1,1421380.7914829045,40000000.0,1421380.7914829045
172,eMBB,2,WiFi_1,WiFi,0,0.0,0.0,0.0
172,eMBB,3,WiFi_2,WiFi,0,0.0,0.0,0.0
172,eMBB,4,WiFi_3,WiFi,0,0.0,0.0,0.0
172,eMBB,5,WiFi_4,WiFi,1,20000000.0,20000000.0,20000000.0
172,eMBB,6,Satellite_1,Satellite,0,0.0,0.0,0.0
172,eMBB,7,Satellite_2,Satellite,0,0.0,0.0,0.0
173,eMBB,0,6G_1,6G,0,0.0,0.0,0.0
173,eMBB,1,6G_2,6G,1,15265449.217945535,40000000.0,15265449.217945535
173,eMBB,2,WiFi_1,WiFi,0,0.0,0.0,0.0
173,eMBB,3,WiFi_2,WiFi,1,20000000.0,20000000.0,20000000.0
173,eMBB,4,WiFi_3,WiFi,0,0.0,0.0,0.0
173,eMBB,5,WiFi_4,WiFi,0,0.0,0.0,0.0
173,eMBB,6,Satellite_1,Satellite,0,0.0,0.0,0.0
173,eMBB,7,Satellite_2,Satellite,0,0.0,0.0,0.0
174,eMBB,0,6G_1,6G,0,0.0,0.0,0.0
174,eMBB,1,6G_2,6G,1,37473664.17628905,40000000.0,37473664.17628905
174,eMBB,2,WiFi_1,WiFi,0,0.0,0.0,0.0
174,eMBB,3,WiFi_2,WiFi,1,20000000.0,20000000.0,20000000.0
174,eMBB,4,WiFi_3,WiFi,0,0.0,0.0,0.0
174,eMBB,5,WiFi_4,WiFi,0,0.0,0.0,0.0
174,eMBB,6,Satellite_1,Satellite,0,0.0,0.0,0.0
174,eMBB,7,Satellite_2,Satellite,0,0.0,0.0,0.0
175,eMBB,0,6G_1,6G,1,40000000.0,40000000.0,40000000.0
175,eMBB,1,6G_2,6G,0,0.0,0.0,0.0
175,eMBB,2,WiFi_1,WiFi,0,0.0,0.0,0.0
175,eMBB,3,WiFi_2,WiFi,0,0.0,0.0,0.0
175,eMBB,4,WiFi_3,WiFi,0,0.0,0.0,0.0
175,eMBB,5,WiFi_4,WiFi,1,20000000.0,20000000.0,20000000.0
175,eMBB,6,Satellite_1,Satellite,0,0.0,0.0,0.0
175,eMBB,7,Satellite_2,Satellite,0,0.0,0.0,0.0
176,eMBB,0,6G_1,6G,1,40000000.0,40000000.0,40000000.0
176,eMBB,1,6G_2,6G,0,0.0,0.0,0.0
176,eMBB,2,WiFi_1,WiFi,0,0.0,0.0,0.0
176,eMBB,3,WiFi_2,WiFi,1,20000000.0,20000000.0,20000000.0
176,eMBB,4,WiFi_3,WiFi,0,0.0,0.0,0.0
176,eMBB,5,WiFi_4,WiFi,0,0.0,0.0,0.0
176,eMBB,6,Satellite_1,Satellite,0,0.0,0.0,0.0
176,eMBB,7,Satellite_2,Satellite,0,0.0,0.0,0.0
177,eMBB,0,6G_1,6G,0,0.0,0.0,0.0
177,eMBB,1,6G_2,6G,1,40000000.0,40000000.0,40000000.0
177,eMBB,2,WiFi_1,WiFi,0,0.0,0.0,0.0
177,eMBB,3,WiFi_2,WiFi,1,20000000.0,20000000.0,20000000.0
177,eMBB,4,WiFi_3,WiFi,0,0.0,0.0,0.0
177,eMBB,5,WiFi_4,WiFi,0,0.0,0.0,0.0
177,eMBB,6,Satellite_1,Satellite,0,0.0,0.0,0.0
177,eMBB,7,Satellite_2,Satellite,0,0.0,0.0,0.0
178,eMBB,0,6G_1,6G,0,0.0,0.0,0.0
178,eMBB,1,6G_2,6G,1,40000000.0,40000000.0,40000000.0
178,eMBB,2,WiFi_1,WiFi,1,20000000.0,20000000.0,20000000.0
178,eMBB,3,WiFi_2,WiFi,0,0.0,0.0,0.0
178,eMBB,4,WiFi_3,WiFi,0,0.0,0.0,0.0
178,eMBB,5,WiFi_4,WiFi,0,0.0,0.0,0.0
178,eMBB,6,Satellite_1,Satellite,1,1250551.2612894478,1250551.2612894478,1250551.2612894478
178,eMBB,7,Satellite_2,Satellite,0,0.0,0.0,0.0
179,eMBB,0,6G_1,6G,0,0.0,0.0,0.0
179,eMBB,1,6G_2,6G,1,40000000.0,40000000.0,40000000.0
179,eMBB,2,WiFi_1,WiFi,1,20000000.0,20000000.0,20000000.0
179,eMBB,3,WiFi_2,WiFi,0,0.0,0.0,0.0
179,eMBB,4,WiFi_3,WiFi,0,0.0,0.0,0.0
179,eMBB,5,WiFi_4,WiFi,0,0.0,0.0,0.0
179,eMBB,6,Satellite_1,Satellite,0,0.0,0.0,0.0
179,eMBB,7,Satellite_2,Satellite,0,0.0,0.0,0.0
