-93.4,-76.3,-83.1,-80.7,-89.5,-90.7
-104.3,-97.7,-79.6,-81.5,-51.5,-82.7
-77.1,-88.3,-62.5,-73.9,-68.7,-80.9
-84.1,-92.5,-80.8,-96.1,-71.7,-80.2
-80.2,-93.9,-90.2,-74.1,-77.2,-84.6
-78.5,-94.0,-81.0,-78.7,-80.9,-63.6
-80.3,-91.3,-86.4,-86.1,-76.1,-81.6
-78.2,-77.3,-80.0,-73.5,-74.5,-61.8
-55.4,-82.8,-77.7,-89.9,-87.0,-93.1
-75.0,-69.9,-89.0,-78.5,-89.0,-95.3
-81.4,-89.3,-79.7,-78.6,-66.1,-76.9
-74.2,-100.3,-96.2,-81.1,-75.9,-84.3
-63.6,-82.9,-67.2,-81.8,-81.6,-88.7
-79.2,-67.4,-83.7,-76.3,-90.9,-81.8
-69.3,-82.9,-67.8,-78.9,-75.4,-90.7
-76.3,-75.7,-80.0,-88.2,-93.6,-99.7
-83.1,-79.0,-84.2,-92.4,-84.7,-91.6
-88.7,-79.8,-85.8,-91.4,-93.3,-93.0
-81.2,-89.5,-62.4,-81.8,-78.1,-76.5
-79.8,-87.9,-74.0,-58.0,-67.6,-73.1
-80.0,-91.6,-74.2,-81.2,-61.4,-73.9
-79.4,-85.9,-82.3,-81.3,-66.9,-80.1
-89.6,-87.4,-80.1,-76.5,-82.7,-68.2
-72.1,-81.8,-72.7,-65.0,-70.2,-70.1
-80.3,-65.0,-98.0,-86.4,-90.0,-98.1
-84.8,-93.0,-88.0,-79.9,-72.7,-71.1
-58.7,-79.8,-65.9,-74.8,-82.7,-79.8
-74.2,-72.9,-81.3,-84.8,-93.8,-83.8
-83.3,-85.4,-71.0,-80.5,-67.3,-81.2
-86.4,-78.1,-89.2,-87.3,-86.8,-88.7
-91.9,-89.7,-101.1,-88.2,-89.8,-99.3
-72.2,-88.8,-69.7,-60.5,-77.5,-88.1
-80.3,-75.9,-84.1,-88.4,-84.7,-76.6
-81.6,-80.4,-78.2,-56.0,-80.3,-78.7
-87.4,-82.4,-89.4,-79.2,-97.4,-79.5
-79.0,-82.7,-78.9,-62.0,-78.5,-73.9
-79.3,-74.5,-85.2,-83.6,-82.3,-90.4
-77.9,-86.8,-71.5,-77.9,-69.7,-77.1
-81.5,-61.6,-90.5,-83.1,-93.4,-105.4
-62.7,-86.5,-73.4,-77.6,-86.6,-83.9
-83.7,-93.3,-81.4,-76.7,-88.2,-76.6
-82.7,-99.0,-83.5,-83.3,-84.8,-96.8
-80.7,-64.1,-87.7,-83.0,-89.8,-87.5
-88.3,-90.4,-85.9,-81.0,-83.1,-68.7
-77.3,-80.4,-77.8,-42.5,-78.6,-83.4
-71.9,-89.7,-87.2,-84.6,-96.8,-89.9
-70.7,-89.5,-87.0,-91.1,-94.9,-88.9
-93.3,-77.4,-88.1,-95.3,-90.0,-98.2
-79.1,-104.2,-46.6,-71.1,-71.4,-84.1
-82.1,-92.1,-87.3,-95.6,-79.4,-91.3
-80.5,-79.8
-76.1,-87.8
-82.1,-83.1
-79.0,-96.8
-83.2,-79.2
-84.0,-80.4
-74.3,-77.6
-79.6,-80.8
-80.2,-88.8
-80.1,-90.6
-93.5,-84.3
-100.5,-77.7
-85.9,-80.6
-95.0,-76.0
-82.7,-74.2
-80.5,-81.7
-82.0,-82.1
-82.3,-89.8
-80.9,-76.0
-90.1,-92.9
-81.8,-89.1
-79.8,-82.4
-79.4,-84.2
-83.0,-80.6
-90.6,-80.7
-82.0,-81.2
-77.6,-82.1
-80.9,-81.3
-85.3,-84.6
-79.1,-81.6
-83.2,-99.2
-83.7,-76.5
-77.0,-80.6
-80.3,-77.1
-89.7,-81.1
-76.0,-80.0
-75.7,-84.9
-109.0,-77.3
-78.2,-86.8
-81.5,-78.7
-79.0,-77.3
-87.3,-87.8
-91.7,-83.8
-76.8,-92.5
-83.7,-81.7
-81.7,-84.3
-80.5,-76.6
-79.4,-92.1
-76.8,-77.0
-89.3,-83.9
-73.3,-88.0,-67.0,-77.1,-71.3,-76.6,-87.9,-83.3
-66.2,-77.0,-79.5,-96.9,-80.2,-90.3,-78.7,-91.2
-76.0,-76.4,-89.1,-89.9,-88.3,-88.5,-93.1,-81.2
-83.1,-93.0,-87.4,-89.0,-82.3,-78.5,-89.8,-81.2
-64.5,-81.5,-68.5,-77.7,-83.3,-80.0,-86.8,-78.8
-73.2,-89.6,-70.0,-88.2,-92.0,-82.3,-81.5,-75.0
-72.0,-63.1,-77.9,-77.5,-94.3,-90.1,-84.1,-78.6
-69.4,-66.6,-89.1,-74.1,-92.7,-90.3,-80.7,-93.4
-74.2,-91.9,-75.0,-86.0,-95.4,-80.7,-87.4,-95.2
-79.0,-47.4,-85.2,-88.9,-99.6,-89.6,-83.6,-81.2
-77.7,-89.6,-70.9,-64.9,-68.0,-67.4,-84.0,-83.1
-73.3,-91.2,-80.1,-85.5,-87.6,-94.1,-86.4,-86.5
-77.4,-88.6,-79.2,-84.7,-88.7,-90.0,-78.3,-81.2
-75.6,-66.1,-86.0,-88.5,-90.1,-94.9,-78.8,-78.8
-82.4,-79.9,-79.4,-81.9,-77.9,-93.7,-79.8,-87.7
-76.0,-82.9,-75.8,-88.3,-82.6,-83.4,-74.1,-83.3
-81.7,-78.0,-76.9,-58.3,-80.9,-66.9,-78.7,-94.7
-86.4,-90.1,-79.3,-84.0,-75.0,-86.2,-79.6,-76.3
-67.8,-68.4,-73.9,-77.6,-87.4,-87.0,-81.8,-85.8
-82.3,-52.3,-84.1,-87.4,-96.7,-91.8,-78.3,-92.4
-73.2,-79.5,-78.1,-81.1,-86.7,-91.0,-87.4,-82.6
-66.9,-81.2,-76.2,-68.5,-91.3,-80.6,-77.5,-83.9
-106.9,-101.1,-86.9,-80.9,-88.2,-82.1,-85.9,-81.2
-73.3,-55.4,-86.2,-84.0,-85.0,-85.3,-83.9,-82.0
-74.0,-82.2,-65.8,-60.3,-75.8,-72.1,-83.5,-82.5
-87.0,-80.7,-80.0,-81.8,-100.0,-67.8,-89.6,-76.7
-59.7,-72.1,-70.1,-72.8,-85.3,-91.5,-81.4,-81.6
-83.9,-84.6,-84.9,-81.8,-83.5,-63.0,-79.3,-80.5
-72.7,-81.9,-74.4,-101.5,-80.4,-82.5,-83.2,-87.0
-70.4,-40.8,-87.1,-90.8,-87.2,-93.5,-77.6,-91.4
-78.5,-80.7,-76.7,-85.9,-73.3,-34.3,-87.5,-81.6
-90.5,-78.2,-99.7,-84.6,-95.6,-98.2,-80.6,-78.9
-74.7,-63.9,-89.2,-86.0,-84.9,-91.4,-91.7,-79.5
-75.1,-55.7,-85.8,-80.1,-88.9,-84.9,-83.0,-80.4
-86.1,-72.6,-88.6,-84.8,-98.5,-94.3,-78.7,-82.2
-80.7,-89.3,-88.9,-96.4,-86.3,-78.4,-90.6,-77.9
-82.1,-80.5,-74.3,-98.4,-85.2,-85.0,-80.6,-77.5
-83.2,-84.0,-87.4,-74.2,-91.3,-78.8,-84.0,-79.3
-73.6,-73.0,-85.3,-85.2,-91.6,-95.2,-78.7,-82.0
-75.5,-70.1,-85.5,-87.9,-87.8,-84.3,-85.2,-87.7
-71.0,-84.1,-85.7,-83.7,-90.2,-89.7,-77.4,-80.5
-82.3,-85.4,-85.7,-73.6,-61.5,-71.0,-87.4,-86.2
-83.8,-79.2,-78.3,-73.9,-80.5,-64.6,-85.5,-76.8
-84.2,-87.9,-77.1,-86.1,-95.1,-83.6,-84.9,-76.4
-76.8,-82.1,-87.9,-99.5,-95.0,-98.5,-91.5,-106.5
-79.5,-69.2,-89.4,-88.8,-98.6,-101.4,-82.6,-85.7
-76.0,-76.2,-82.8,-64.6,-81.8,-82.0,-82.5,-94.3
-77.7,-76.1,-83.2,-94.2,-92.4,-101.6,-84.3,-80.6
-68.4,-79.5,-59.0,-81.3,-94.9,-83.5,-81.4,-112.7
-80.4,-75.4,-87.5,-87.7,-93.2,-96.2,-83.0,-82.4
